Chaves
321236752
498617001
1754003658
2008486473
1783670659
1146111162
1844544060
2095036715
1194111944
875117137
170686013
759225243
1236860582
150271807
678645406
1887471858
777981804
528356427
410247700
2109690229
1323792975
1049194116
1721003840
54611170
1707743472
689712180
655924608
1593008555
28184340
1908386634
1000727749
1670076504
175413102
1537691555
687748631
1869021639
12279635
1899038910
1501439058
1012842210
111740489
587025940
5644087
704692150
1029945421
1886715509
333498747
1700934399
105967105
1111304466
2141830392
574565194
817556207
93027993
1834131280
1285817572
516275393
1646048498
270434566
1253800926
1883115777
1639030137
1013312413
33086638
608657376
1954345945
2087745392
1054241830
1348884369
414663283
2068877747
1305281083
1318647448
1664141479
1545912304
159119777
428717164
1162184782
319535072
1059713501
1979355157
528499747
597770840
1249988844
1227060404
1038099376
232073882
1919152431
72663274
1160567911
1306645928
249748412
966290565
692417659
650490201
1923168354
42872750
1976797487
1487469256
643979705
479756835
1479191258
272494700
1541392732
256732949
1520368284
853741802
469987569
856983696
2060919173
429605906
407841488
135625748
2076098264
1241445384
1564542053
1324375458
127935109
522906829
1938103561
1900585342
1418955353
1322597944
2041345108
1330258066
1020532031
1704557874
124508456
762657713
1363226058
57061964
7395036
672519054
304653575
1496325919
1345592895
494988253
2132044596
293192281
1058660476
264413877
1713136504
246843942
1806904718
276399364
1964258246
1450693658
1754327349
2044721205
865433958
1425917086
1501408711
1564036665
938073959
542699252
1448010902
1968416583
1457496770
770991874
431742417
1400744810
156787072
13347846
673913412
946607047
1474989658
1751883254
708908428
614522293
1860344215
1176592029
991400754
1427023671
1497475096
1121100580
643356108
1309066557
1476782988
1564259748
2065274218
227142534
1863632060
878667734
102969000
1902827186
386388957
1566679711
1627549564
1255396370
34205668
142803214
62296725
1675554686
1505307461
1683260651
1140614040
1477761556
1367947642
1346797370
1171774808
1794958139
1742009886
276856934
269039743
807400313
1576139261
907748921
453731201
143859588
1997820961
223436646
1950601172
216651360
1569504759
627915571
8010187
1096310999
1262815166
1223477482
444383333
75233677
1118390770
1169046817
327399808
214719619
1270275790
1945753965
519527848
2011603794
1416766126
969747636
1328709064
572949056
886216484
1649770143
2138502997
216579130
30630047
408238185
1227613910
622483535
157692705
943688449
228484
1337526840
675860092
847156677
1698642790
463786310
169969864
588814059
1820630369
1854623480
837526330
903297267
1732635454
210275819
12106880
1963364445
821068821
355279432
871839122
1283709658
83564489
60161277
343601573
471096617
19373491
2052698101
445869655
498286956
1567091756
7275726
335098616
1733352864
614084201
1203700455
1612227766
188136621
653192794
1883661520
852270305
359755711
1525439581
104861464
1555738147
1842780222
955070436
635843544
1042589631
400263579
779839735
1193195538
1200529453
2145851030
973527661
681231624
1955649333
932609645
1253014928
1904749214
1243001559
1131889772
1981062779
1205653528
1786277558
208380327
336234533
256812634
1791377138
1137167978
561408653
1828020555
382032716
1524311955
421954480
1663991279
1018469366
503669646
1959157902
57820669
901546489
1683798720
563087862
1342285047
921766160
1206250185
604243598
581227715
1023169555
1210637010
640757559
578732683
1451776473
781872990
696423784
48612256
914154459
1030414035
518733579
1392480871
1773994645
1664704731
849458792
940367236
1327950754
515070381
2064926855
116544878
557955624
1388829033
750851150
1430299922
1481362453
2037471414
2142748428
1493386331
715436568
1642138900
2046052272
960064737
1930867239
314448036
865145615
710187984
1326157108
1087456568
459636783
69768176
870893672
1844255379
324373732
1040748256
1349145724
1008487854
951579616
47266737
928827281
446771864
1463815574
1681923915
1356738222
1649392324
1604660181
688738569
1829953376
977741770
1392757614
168999670
1529797345
1407789864
268881125
1589067882
1605526551
1810184463
1334751228
1167399269
295687583
1372042491
1215522276
408573805
178067656
13873208
2084541878
234846873
396745196
1908904176
199501852
1486365544
1357593881
1788450006
363736172
1030397738
582153713
478149683
2067898069
1565135388
2019920089
1385553076
1089228603
545678749
2031507413
1170777082
1369710582
1544765159
189572439
1029133926
1429080830
478370493
1345895968
1697790055
652299077
1477195742
923407985
1768641795
1216585535
1475024546
1857609106
1187163243
1791907113
1928382279
731105106
1116482102
609929556
82742572
1403285522
865046681
823519339
1402022157
451408690
2005917694
1471588956
181269510
389104389
1467107250
1112982487
1348718474
254536360
99733149
877869010
1321917390
1582484116
1797372196
1745429234
507814716
224825256
1565784853
1309685201
837903147
1465462645
1184367206
1950397379
982464735
1625308427
1555273826
178253938
239353907
878386940
560270914
1469243343
1001605776
2015580269
1649309171
2124547237
1624533200
517758224
531472646
123142341
967897507
69939294
1822992393
1738249668
119349950
182400326
904491547
1602442824
1347422890
2034056917
517976871
477769339
1413664016
1594435307
867032988
1098955040
205337263
408037382
72025905
724161502
2091260692
1486781641
1767351135
342394348
1117106916
1828371857
1872411817
623693868
1511915888
602445916
149559754
876837073
486867842
995019242
2102123649
715216011
1664574266
253267868
37161109
2109185669
1965008023
892288261
1538865545
431396767
1178300789
414502504
1918717587
2065238769
1211422070
1905101669
1448116536
54719747
2089311311
1037632334
2141127495
639224370
1643552626
1453612149
231946609
452498955
88249592
893096275
594326954
1689749841
1975191886
144631714
23545976
413122650
1594203545
593220299
1029114264
1394771052
144392105
1598745440
1255271599
158060823
194690372
130815951
1910120752
928125300
1120317422
1006533467
1830424670
525661084
1840886719
1019977206
1016408549
1398927358
1584128607
166116721
1275596713
1925882549
169986067
1785890268
329821065
1018727119
124532917
549488032
542881930
772183804
1175140391
69417276
892759634
1649003477
1181162181
1877833514
35320295
23164161
1137653357
1521069348
1849455220
1629059815
1003847447
996392639
1090321571
1885340631
1468377074
1447547472
898106090
936967202
1968871981
1583616468
1107108397
1861709861
1328463592
1140585373
1204518376
1465359147
474635196
1221028213
1004941175
1362350999
512715341
121267625
2071820201
987247569
367754175
1503077674
1844223937
798111281
564182100
229441728
1480057651
589680103
1490473528
1784974293
2068400170
1987220152
932460064
723836414
1582241275
896370417
1908134733
807723135
1602877998
1917383612
872311878
1904587292
1787048343
1730481886
1591884288
1016106908
971671115
1570722024
2104603574
1128974394
1836771405
230677434
340908254
467863304
1763513795
41526679
2012076012
1896680286
2061642471
1691069422
1058698380
850837295
615989073
1613411721
1376442280
314151642
1510664425
84066417
22802905
1531704815
50410042
621154291
891296012
741017831
1474272214
1845766729
1004861154
1971046739
576444066
1310775427
2103498636
1690115631
1562981117
471610358
2053088448
1828490284
1393693971
382184876
1031273858
2004809396
797278526
1434138995
134989386
1360629192
890289592
1978801866
921441653
261326087
1348398005
22937379
1648937072
1693537155
2080582377
1244028433
279236710
1179282553
597887473
486940561
628617955
1488149701
55989429
134694807
906452950
1700256325
1501082367
2014077907
1986455257
801951351
1660886235
1223593093
865169401
2088119136
2044928251
355931816
890158521
1054361667
643258004
1823323284
510947665
2071812104
279768199
734644284
48455160
1242376713
1416741807
605931521
1884743403
278249533
231977320
980618797
1652541061
2118189548
2061036388
1454261180
409669198
2007615175
1904777647
1587605146
1597280880
704197024
1083800769
251172232
558378098
1552819080
1658090607
542797865
1305399001
893158830
1523425719
2059988047
692330636
1412773955
725545021
82216964
2086081806
1597124484
1780436080
1092522567
142262677
1633598384
1660634999
363838504
1845927481
1817997163
322981296
20743002
287175197
1110021956
1810130094
978643186
1409273650
492545267
793521313
346885741
2077482672
1440402416
2079331683
529943022
1575544947
811563254
37734880
288348261
1322462341
192120033
2070915456
161593229
57514405
1083115365
1578369516
1025363140
1440943327
2089398039
1024095804
787205718
636498754
2038620435
686571022
1610854566
798330447
178468825
1364261785
2015579232
307650771
390353681
677630603
1102608954
209862103
923445504
796394094
1523568782
1694700039
1567505001
864508920
1209715155
480726763
1546485765
1635611493
2097582774
1726815703
2098214944
120914096
333936800
1676650587
37430585
872477662
510284277
65811336
20284572
1127695347
506595109
546227825
557139650
1210503578
1721313923
1132271288
1912202985
1920113291
603634787
222513480
166421858
1899144877
316894005
693060596
43882934
1389564749
629908728
1608184806
1904123017
1912327561
1285462422
1352199647
390174278
705860881
114062020
265610458
1667601384
1732848037
403615752
1725401486
2014249153
617761912
1429064515
884593529
1103556339
660053233
582537793
1267453195
836062218
1429823865
1830471510
425847992
347328738
1724342667
1693084584
1546498213
1093744704
907228390
1461013476
684535593
1924582246
2129866264
774300800
2086995244
1050303602
2037706666
1358042788
1153133001
1826730383
2094153377
1828748727
2112596031
1042707855
1271346965
1921408123
1964874588
1894393581
1179651547
365400005
56200924
1650787507
1868038813
1593423688
1896028467
1343185231
1937791113
671469368
68450717
2053495885
837063299
37410696
911801111
563389664
1949894260
1608297554
1610769128
673357374
5226089
561792222
1932449564
1517548999
2100588726
1368063572
1589550728
2011527950
1437606020
1402290371
1210487819
1498993179
618703996
1382506406
2002816421
59485019
329401960
1866726269
1134755019
1773178674
233199263
1519348148
1839077663
1089042737
1539893441
1109733426
2119747785
1522582911
1418864101
221976875
1394790067
1677560292
1029962589
1026310265
1846693505
1739445671
159084072
449251049
1798833137
2014973724
1327105875
1839459478
2137025719
1802091588
1471295693
1453994335
1863297644
2138127924
939559936
534662507
416482363
1017162883
70217197
1338712600
249803445
476385680
1746073018
1710512196
5819262
749043446
663324269
902846623
1447931372
1307780533
1108939978
1093254070
167243985
167884369
571197013
148823146
393812563
356727480
423350745
1114206356
337123934
1425234706
381117456
546314925
1076439006
1578445710
2045764194
1784259406
869049899
1985447176
1298827606
1345022090
1482165107
1278605248
1384099033
1444221566
1589410188
1195305461
623356089
1941034044
74860025
1264998664
1750481820
608466041
1801362825
1040673185
2059164160
1537299088
1556104371
1923881983
1041857489
1132503572
676738811
888352753
1544037290
1398449265
461235481
695159628
750286360
1786329423
1815999532
484844219
1860714912
985328092
1932224272
49269211
1342468268
2006557434
823249052
1418224065
323159016
1998564717
1610194309
906772255
1867199846
163599788
1413679860
913608773
1011388678
1827313234
1634019105
46174961
2085310844
1997445889
1549587419
1498053347
537180943
2143601312
1874801953
1901433143
2010291604
843376360
1413784850
761452943
1718628566
909280372
1057020668
1423964633
1651801456
86803910
595108952
80354300
1626093100
1222650353
434894487
1498242891
692804273
2091120422
793286728
751029222
1249361834
896695056
1163645392
390960534
1425338015
900753948
14595445
516758504
1866797554
1130100855
1890927675
1920417746
712884041
1467556477
127966766
1522466140
1464485976
901133644
3290175
1686430114
1891111192
1997340605
362110365
1796786364
1663373452
1141737495
1412621199
1534210379
1560502985
530587153
986942461
730520952
1083101186
1792915093
886904609
2053116393
1051693609
98383404
649621105
456556180
1299274861
1642866868
684161245
1351538248
1568787019
2061772264
1185224608
491386314
2107414221
898479282
1962693293
611786114
1596101973
998642683
1342638844
674091126
1536880855
686290929
171130294
542061736
1612850968
2115391547
995848784
793745449
2109631998
1047143551
1688719980
1999115826
2131862761
675571152
1477829190
296252618
363192495
1918455448
445564553
350511060
244592599
557114315
475389634
1184675316
653630803
141891615
511827858
1111505418
1113179834
1864723668
100975747
1947835882
1825782584
1636169038
149062539
1443515679
592041646
1274088889
83139168
961575689
1077346000
751468840
1099537619
1520379718
539125362
209671490
811674485
372686330
1529111386
2078947087
1596077295
1239094258
631898336
601440522
1155579364
1707457938
1124949151
1415293494
327437071
3235182
1816219695
1889629522
198117522
509672660
1772320883
308508616
139289887
239803269
1355651392
300347292
1323776650
928463334
630876025
920150530
1115428386
1144392254
1383187108
2083133511
943028779
963710690
506010880
1690958809
1207705849
1145274901
677566141
402287948
1332096018
1124715927
377360810
1340063782
507485243
636599570
261715662
1572353486
1549257742
328482771
809046358
1220177671
1999128488
1432601505
407876464
535611913
1074628715
1901823009
635582174
1756524275
1614916476
748879835
1171353061
1518189422
1595718404
1372194591
817392159
437250795
2112397535
201223462
1968052169
54239348
83279198
1506884447
1554922321
2130709345
1394308759
1974745642
1672993533
453890726
122969481
94743472
897753847
2137480962
1670583284
1740594827
313575167
565921261
272516641
2095530535
1864229328
414805187
351526328
1183545034
891735644
1667009261
506233737
1355694552
829131921
1150674207
1350664694
1263369104
150955001
1438946624
641244584
1760214227
1217915198
1498810849
2044647056
1700278371
1627319005
1572894434
704534025
1787907257
627957790
424351465
661208714
1568350383
643293833
126453465
857594025
1075211209
150202175
1444657316
1682500577
235648671
429442271
728786295
483775860
1277640666
411088343
77310942
610396863
777727565
1651142494
1007108200
2052273566
1954710428
761503721
320957668
922533021
115918428
985341640
1522372470
984478643
1878401329
145427434
1293981502
225748173
1273159084
1579804257
612753136
2146890305
18678600
30301261
1292848991
1870416518
934171859
650307980
743318776
7615697
848339984
376108136
184951992
694923535
1094973639
413617322
1316778503
2143606995
863745569
812447674
1943046660
92594235
1648278513
1717389706
507895797
1705750649
125162670
665801088
1672539123
571574268
1948826287
1356392170
1326020849
1971031977
1804515025
857538331
340043841
1193363626
1291376430
86269804
1851766579
1655547456
2046203608
817477895
1903972479
79105115
1976282586
1564851406
1397471776
356159036
594628116
1569627735
1812706829
60889534
136657647
2069821862
2075045947
2079924317
1387321206
1033073673
547527680
324114149
1442978008
922556089
1919233173
653654843
190318649
1990648195
1549259204
1707354044
1537616910
850186132
272252191
561692038
1260418316
1256888224
502863128
779804698
2107439156
684568751
994847160
519481741
1782681535
330584921
1557705723
789338747
1274824771
334506514
765427470
989579278
1987778079
1519402676
1371258276
592733371
133241955
1987005565
2054935975
1458724636
1294911075
701110121
2017426515
1112497797
26758865
8531361
1894324085
1453796954
1254146439
1800586489
1548176729
955661322
698013959
1234113201
610376211
1235689345
1830764217
856759977
1094003759
1112578595
1808494547
2101257108
786905351
513113839
337877681
2107332474
1347726624
1734076212
1299584112
592530528
1428946823
1909967263
859697060
553825233
754151977
1460769083
257750236
1655359607
1451446956
868716155
2060587796
465674451
540084119
1948177303
570944259
193321694
671509561
66743309
1901959081
1934362384
508486436
2027385079
1325782617
804301382
2015880252
588333265
278909099
2030563467
731835751
525492046
315247237
1571013374
1717631799
699978337
1582765301
814260098
727925328
78386154
591340043
699149877
1373059669
1504998595
31024689
469119325
1676634227
2115136555
1928325291
108181878
1489737370
1258647771
1109020627
2050522488
204006470
627249390
142856775
745555888
937512202
230613289
728182842
940347327
896901520
1335960929
2106279106
1917795477
1634338523
1954910091
996488098
625594217
1857564719
1384624725
108155451
1110385839
155627399
244869084
989203161
291807304
1681446240
304084056
397780154
1524384713
2003354618
1852575776
481469710
877686883
1872426533
1750261969
329061172
924504428
580474083
1827987140
1834716728
323990593
1142981902
1330996216
769096824
1422171875
1060480710
530451021
452163224
602905406
1115312404
1759103820
1528649764
1413307454
395348804
1766139871
1716017401
230022983
518161902
142661014
1113302788
641251395
897287672
469840367
263346967
241215233
1582711562
1042140714
1742860066
211160688
2000084148
1768484431
756676155
1579903950
2032085111
1671680462
1908648869
1218990660
1859946987
1579520239
1956818863
582664101
1924405083
1338028344
619736187
989367722
418098912
939116237
624620203
1600546627
1267871776
964785504
418059595
2015983361
1755558996
114439310
239963160
1704242766
1313177293
2036778505
2068939368
214910635
990645143
818379929
2103822240
697598328
1098842678
53035952
1373791666
72166838
980936393
2040178022
1290296065
164714457
2067185530
551927420
458030242
148489643
1689370498
1740322091
1971283772
1877401008
659301776
281623287
2116586073
455478238
1411003524
56695729
318364345
315874753
1388637450
634087388
786787199
2060823544
549431774
940910103
1759056551
1258000744
1249595168
1300048614
904076434
1889777222
433440121
1642421591
1037451048
919493200
671792664
1780109084
1938636433
999580518
1824825300
814959836
2057210133
1982861768
2087733820
1879337718
1605278294
1663249206
1186086477
1208909378
2140223759
566422408
250333396
315644601
1021207614
71916336
1777001594
430835196
761746931
405094270
1564815823
1052224643
308947752
437901154
587436301
893855732
1336793140
1178676982
1846989914
39762088
2124588266
1400034809
1880235044
1080393435
955818921
2100694402
1210976152
1824387322
455086026
1473274720
508152336
1151223693
1556556696
407005814
2099805094
1502204311
1420087552
355250470
813239027
1578293556
646705975
1052977281
2072946194
1017697452
1150921078
1162983225
1218481698
314416488
571728471
1595112784
323262843
883695358
518947752
1634873979
916874334
291892433
1263594863
621309988
1577394349
411072131
523513552
134402752
1299296051
828107517
339585395
1011153090
1363698538
127221461
1877140388
424292565
1661888458
15604842
968518939
2089851528
1653711174
698629048
1537674789
1624218367
365557906
110050965
2028113598
67078930
655465710
1238188801
54242537
157278241
1743182137
1931012670
637725664
300091219
1049408633
102863833
1459767941
1671002947
42223148
548136987
1316294300
1614976384
1660518446
1136828691
454217097
1733151329
1676486346
1155533649
810428081
1891576071
199689499
2037355310
417551161
97189245
407518027
1564020404
1350129304
2055244598
636057847
1569357872
1946551651
1873410080
238686627
720016986
1871141510
692177681
1084093045
720897237
2063055814
581726868
466159094
1326208515
494789717
921739784
1203719865
920319104
1465168850
2083364991
1561254027
1996761458
1858474727
1525257794
1977481086
648071609
1721283987
128889808
467048608
1012762224
1639177632
1270989445
885563298
1370550809
1435671328
336417798
894203815
865989995
1080996323
2072377582
1726754820
1056647658
697136449
1613244568
799933305
200148844
1778003021
1705895535
157983676
1569123272
1140220730
966927261
1140975179
96418539
254984847
1341644537
1736688465
2084922885
652679712
405141646
1359993416
1066612061
965935035
833271397
1545267579
292861016
2140236044
442709681
1538728530
319742262
943297352
392993431
758752674
922344758
1845578132
1762364922
843370473
1243568090
1988395770
382901100
1158586743
1313705717
1559462073
794753262
649885610
1047159596
238084004
653981003
675573798
1401755633
1155573853
840993445
1974802566
109683271
1459772160
920019312
913395685
1260029275
1967411061
618206695
1226311913
158710801
233970190
1380156295
888455663
1173366507
1464796519
461479486
323982067
1237906547
1449825391
904135553
1677517928
141888736
630349153
656453146
734450391
54729506
1128456867
944951613
818662216
1174530195
915367892
1011845212
1157503862
1478174832
1247822960
2026722628
844856985
770722587
1222091104
2100326184
1210566876
1371062006
1419474164
2124173642
1597791059
982654258
952511786
249818354
301051
1850109555
1454557909
288333868
883911769
1509083978
182378124
426985306
1046707720
787876189
875983733
744707757
1790690142
1969030050
1054487640
898135167
642669724
383819604
1583997516
837418273
1750210339
130066501
446361013
976718461
475548784
1425234181
1947451938
1572534947
681714226
1323405303
654839084
515103672
1995497668
134666560
1422413427
1378943102
1575381070
445341036
1851501257
53898411
2113827975
1708894818
381771529
1897029090
1750419288
1108824856
696505622
1717057472
928383395
1003788692
268816787
808058770
1318976815
1475344407
1106578109
1743915689
2082644404
626732527
105113161
1089811109
646289886
1237070350
1268726478
1254088929
2016343977
1886772191
1607199937
795484439
358443175
236779063
461958894
1775227618
603699427
431007572
1857686191
1029310966
1156954740
1070519062
1773393122
1340881717
438038057
1945817630
725657039
1531349314
175264877
121193528
1257580013
504519520
1205259789
1375256571
970278764
1288782869
1276187179
1437359711
775594469
746710065
1721615087
1056795773
2023161321
1852396616
617366643
1351958562
157929080
1478337694
964883452
1623384847
993488511
774691442
1662390416
668629264
2138037029
1330705031
698993302
322267413
723375549
333844974
392814769
1640950629
1607872481
1820881283
735083903
327930914
2067541317
1524281423
1617141967
1949137112
1090139967
1902126481
1092659128
346291054
258555781
998231331
474020452
182907487
950320421
1894221302
564065492
202791442
1892631165
780919491
1582783925
1220579311
374922672
778250962
1996327601
371807839
92190947
991258595
770730527
100740926
90600280
1247269185
1662723989
1845005463
1250425785
1825570727
638518412
606812935
919155365
1758519392
1555768420
832084045
1580409
499867746
1844195078
22390497
74148214
470412982
876499871
1653010443
573138809
4717208
110329075
246130563
1140521998
1069579190
1139238879
1857540525
1884446463
609104285
344078068
1957813064
1156340855
62889314
642534218
572665665
1135392754
1322440567
770628803
346677556
1646462603
2060899282
104382230
195234898
324504473
40604908
2086896854
706716935
404928387
1616864549
251574879
3409027
956560946
265954305
1515047302
67085386
1737417624
826429949
1276336606
259072100
427707414
1251345875
1669091370
785193829
601511613
1448033653
951228507
1988884820
1055622276
1635703680
192484115
302887293
1566853731
899433823
1819027546
214261405
1391841026
588642459
1465015056
1190196856
2137820813
2061723966
2056570986
1463002759
1394488813
23573410
320667796
2095308461
2126417957
1484926232
2057225572
467680763
881111929
835834513
1685886134
1837918411
750490657
242618759
672345332
10321447
1380059472
751280128
1336052323
1675698175
175191163
1667618716
1895255022
1650212813
843018295
2105163748
1109505824
2078600577
469811756
219695245
1116415068
885741343
1104558932
1979835103
1197534964
1211725895
1972167079
481074461
540173433
1282773226
1515800294
215535116
1913664130
1888042337
1039794559
486130565
950100470
2039689101
1533925326
107495991
1269199592
1123257496
1028744196
1711045657
170909394
1794826348
1503117199
1248725748
652302725
1024794505
873818701
1364670672
1982646481
594637447
1838651999
364720263
614016914
1796971794
298973157
60950007
478390331
302375670
1182606605
1723074035
1787734281
1553742021
1841114187
314766554
2069893140
1590702828
274819082
1446282653
1534518842
1149474176
500010937
874461599
474064159
713522770
1753581461
1904179673
1437370159
908740996
1761143658
1620045217
1831229461
835909722
684296716
1113037392
859401141
546058215
510520223
1283907921
1602908132
1299285554
1527093846
1551653203
1342618024
1035294771
1471802696
1098164794
1957044175
1509707390
571295967
1582397801
1651722988
2008964347
857066834
998237668
249324163
1574187708
1317974087
1620738448
327667636
1077759198
109118186
1404700146
427320309
1201345878
296690339
288628031
643189576
1608206571
17143291
1619330205
1856183999
1635109504
1975054860
790600078
420118447
1461634998
694831408
335478947
220720518
1842183961
1792971293
1235308821
1199588253
526226823
856634756
818929195
341776551
1058229778
1282207917
1580060032
566259087
1257252494
181665303
1537797728
2003584239
1658654548
655527420
1047551298
286802912
1259515571
896038927
1160205713
1880814816
102462935
517146664
702770227
573257890
242796417
1677884953
979173936
16650138
1595473056
666449298
1319003902
1669196423
305849806
1849487419
1673523211
1026598591
1148275295
1768284707
1645262074
130466384
1224215738
1448471543
146139612
1005428245
478430955
1092216249
1734536919
1719797046
653673390
1587492985
2083721666
476023340
433897917
1332644687
1847694103
1699582912
290319621
2143801042
1150713376
1447185404
2016846279
41258027
1565928957
182294012
1406061916
160486492
1749774550
1645752113
2044227368
1718251667
1055721528
796905796
387666878
1943821795
71056741
10611063
332732768
1848323241
776911118
1947328417
1875267925
479505617
1060422601
515656982
1388125314
539997783
511898277
1167045080
585751333
702902112
2142816044
525700542
918138953
916040486
467909166
1164426435
307701660
860097895
1814488291
1605065097
1614023017
1510233832
106307702
501400119
1681770488
1601022607
1225347787
170311298
1645293197
2016602865
1897157922
539016462
355675716
582439424
249898594
945900476
45252348
2100236030
1566593362
601593920
1021798601
991545605
62394475
920756168
1593695958
2021733652
832128791
166516991
1984976337
1814154583
595206476
713212385
1933221274
1841335353
818035186
1120012061
1583994083
1011232642
818904347
947900968
1166321156
1971893762
684503
1864649467
1843968692
669442016
23889766
961855965
1369352506
1278744136
1262703631
2045832459
285937155
1724514161
1775028204
288143393
507376685
255618941
284252478
526655245
1433633502
1393076794
1640507523
1905205591
82188649
942007574
1666131431
832066855
453612936
479959289
99432896
933780621
639265975
537562070
1562188033
740888339
318412975
1990034576
1410917013
511701499
432351198
1548793361
433985476
1327919792
1315149235
1169340700
672257495
1622874640
1129392701
1828789200
2079420712
1237753470
1209140458
1731356173
1277311829
1649227155
1635561461
1381733902
1082716019
460094964
2075066840
1377646248
1451564776
1737324748
323448991
628043997
1053938502
1153501173
402279674
533295336
584650100
1426015172
1071315013
25008127
1282361327
990890381
338028783
2108061256
51125072
643133191
220739460
1132673616
1503877542
540248586
725086494
292635865
752720148
1250422880
1127526074
918512700
874343898
2023512378
1612094215
300936631
1841453398
760188138
1519433249
1185766301
878177436
63979657
1447450752
2113465704
218301565
1679815533
1913918664
973349721
1050042344
1919049985
2112907226
554816915
1547603830
1398883355
437973002
781627488
387811668
720198013
1091784333
680445147
1776746458
1238820599
846974067
1761899662
917567195
507010687
125370945
1655338817
1675660404
301380113
837034564
1306876738
2025309914
719725270
1925468923
297047474
163031703
1327381443
716278452
1754597554
402261031
218211334
1253762953
671023216
265045944
435321140
636710973
1960130243
55184746
566961668
902106882
390091017
1603052202
1377448674
1438010948
771471113
64913559
205749631
1703231771
699608878
572718814
472771071
177269782
862424870
246061343
168370331
93191257
1203384962
52893170
1471346357
1791729586
1940914220
317831970
1790653951
203818691
916152911
594178106
156525662
160344914
472421865
1533418859
1570488867
543220065
618101501
83252387
1944882529
1381289065
773257882
397773214
240117467
605676892
1761041253
787876882
1458875590
409261157
670352128
2060528131
1838217946
1229032056
994630076
2118899132
1794023563
514019088
1573968261
815902440
2062658641
1608125304
956026877
536913545
1291857300
1006092266
506602449
245069139
190155464
1396913369
1057100966
1454144536
1075195741
1879928711
162605697
1729965253
478606996
933037417
1385177567
2010467060
1811571258
1249052116
1440906498
1168440975
510988445
1012227883
1678534221
509919855
1085435208
1767338898
901182089
1801504145
934576461
603747683
89400778
1757091461
1650460773
1260150414
1313413629
531943426
885964111
878310355
70029000
892759158
1055709546
1374558259
1500816466
545011044
1961102255
570768801
1293207590
894191035
112837213
1329871552
224415123
562862303
83062261
1875574866
2004377825
2006452005
1547488636
992294606
181040394
328141069
544705762
852297179
1419174000
1301226005
578219535
763052610
2053084581
1725505550
789814770
787584187
1095303761
2072059273
569724675
1396175603
1236373513
98034262
912556004
784980757
1211338349
275222712
1600997146
1425409907
2056428791
1663498917
1330578539
1530697144
951146234
2078161777
2004415612
931215883
430011325
1110896533
76253089
2063780177
848153048
589455501
181320361
1822617760
498886804
426122047
1719750863
1646336389
1390250870
917187229
168469507
1637364438
331701130
1023559450
485823445
1068369007
1883656563
1256678349
1977809216
92009728
1399345904
157883702
722515798
1088073849
541525171
2093238906
1388542421
826508356
2050249916
1025969463
321432575
1153364050
478137545
1007703855
1531389388
928466320
1328972362
1117801258
536604489
714315222
297681417
1885626391
280647550
566616544
1551948733
540922318
328010042
467714612
1474660052
1503005271
2082897864
3650994
719103153
1375099950
1234464800
75816437
1971890134
1467723786
1256177572
449171961
359425743
596654745
1394157840
2063129834
2012414860
955761036
1895293248
1921547320
2013955292
280685482
1173270595
656580866
2134833005
1320738338
380264606
480155188
1031962200
2093574595
1084088623
39641417
346650590
1410823472
884320870
163537135
993957956
773024108
689061118
890688610
1120381835
1916057206
118672396
1055836180
269262761
656229786
1081895989
814151543
362107622
2010529562
935126105
1834580133
1335042695
606368557
101421795
1012475919
777516449
311751416
1622983351
1498200594
802764898
1437088898
461424428
331137477
876956534
1489850627
2073569856
239305987
1250724807
1887867492
290551505
1784451184
1821899656
1067595122
197109202
1186071549
15973422
449175598
952153721
100259084
611783750
1793269825
1995537360
862373470
2033246925
439446128
1417723750
2109793305
1125086514
931088512
526668218
926494535
352014350
546288891
370216632
1023026994
346439345
510866932
56963272
1608680185
558388065
2112194685
347487852
723475788
675804770
2118560213
1973864145
893980501
337769534
356228743
60159531
930514896
883425722
690915417
1725274
559864075
792500739
1726582018
868382104
164934904
1887496052
1673531758
1133058212
53012235
1015601935
1629222757
605053299
1716263150
201832361
1853215161
54876798
60113170
660762157
432532
187941236
1142654785
1267093459
1271685573
444935235
265659611
4901460
373186317
1694290963
525977027
242447756
752191607
366137357
391643035
177528207
1911627802
1593585670
450460926
1357698253
1078819670
1692852863
1366371279
80788913
1782656780
339717194
2103873654
1783579678
1033859996
1858000876
1098150715
1779872847
2049610324
373591695
1722142121
562639006
1604630560
451536174
1854346542
965056939
1970559778
881824438
1350394571
53882223
620554137
740072969
1755585460
1180591252
1815820574
1138162438
2036395530
161107686
756893894
1677981248
1299459075
1001762856
1589468001
954779023
560515739
1652626237
388515895
537895605
718684315
556630467
24325120
359849989
1016977852
1180624
1881341658
383741238
1685779406
16738533
913070722
1164388189
188107560
1056523111
542743070
192155489
1058677353
971108930
2112436495
780416442
1653483507
1426388287
207942673
2022292741
172186702
1633596011
775732877
1790059453
1673778357
1367691922
1440708976
746562617
867846883
872048276
522454858
1211778372
1929725413
1857594210
1897936179
1313818556
106771256
995491599
1547413722
856356925
389090145
1808923546
126428426
1614839813
389771866
490314405
1788307715
548405814
952546670
285049975
820584147
1718590685
1351345480
1920895585
1422564280
1232584019
1138922589
60091217
108754657
1811036456
1326864298
545290758
942886780
858098740
38203274
1344959699
1676629982
580249092
429333988
301557032
940122462
663570821
239125210
517324123
1666988397
1096589421
2018649258
489976703
290412066
1007296397
1172604651
680289497
1143992433
29674356
1234299089
1130090290
1330689703
892634199
203610087
2001733030
1535173129
456981600
898951445
2091500268
1087340209
2126587772
595053429
1606731726
292279258
580972984
1417258463
1454258023
31753178
53885766
632747260
855957126
1329485945
42133918
785332238
1099669647
567467177
655076237
201124835
1785784584
1978333399
61637478
1880938549
18294612
270833696
287913896
1603710893
1585534701
1762148475
2152607
1413275487
2042431357
1940152822
1016707200
2022619941
505692189
1629825400
1993653076
1430786179
1844319854
1389593577
2006246961
1576139869
768616022
1588817391
1776564347
1290432132
618657253
306580226
141214265
1005854870
1140714014
245206503
1343820890
445808499
2961713
1868456958
1010708382
1850450026
231120017
1534534002
134709780
1309045750
2011533568
485299255
1196804529
1345942020
1018605277
165169064
1137039218
1217104819
923900499
1265504763
260775367
1928225405
629929464
2120720191
437756633
1442498305
30462946
661343041
455302513
1865980913
1546003571
1218283735
1643025759
1449164324
1879212478
700839741
743227207
2001341770
1735593617
114925491
886204751
1246651966
1557289338
1976678256
440488711
1592009504
67683299
1896882055
1076027157
1566799027
40624124
1044324933
722838557
1954689385
1942922612
558832674
1594706698
745715923
1437124443
1340793912
1930947872
235577937
333129957
268064300
1582709081
18798420
433526862
39654787
158311133
885595689
439656747
1723979697
300490571
272080673
238209969
1250192184
597942550
420458989
583833113
675753388
947874503
1836844446
1750539140
34355276
1431789153
258487972
1381785112
1561195709
945944589
1385494151
1650061822
352853567
1268987306
1933098759
1963054412
631177889
428944991
2076630296
1128493436
763313638
1993118028
986190043
243112281
878487071
2032223858
1893273997
364061855
1755895451
2002685249
1218586133
1808009577
9175185
124604857
878738336
755426523
1304897099
1567285338
893047858
932190751
1405603794
920059695
1785094418
1098812623
1934729906
1327668909
1817906495
410705282
315991982
1243623351
791191361
599878838
1612047445
1588345968
2127707239
1165435354
257256140
634895177
1316964198
1220824077
1460420550
2042620391
1943275295
1118251703
2100990563
1717509047
1222433063
42303029
1512816844
571702591
498933658
1739466634
1613073236
1235658850
1002722008
547308584
391384513
86256743
1457853963
19432790
557879944
1332005459
1620229367
1545060094
813479885
185882142
229194329
169211029
524988043
230848358
1616238318
1935964677
245578105
554856502
928585482
238434846
224536114
1193761823
493331333
727820234
1539357990
1495778074
789880367
671076644
2109928685
1210113439
342445931
350676870
749768385
277014437
328262327
287793223
181419357
231867540
1554993285
1767635819
1583644460
839785603
1052536532
902676657
620697548
1073326881
1554337406
435641360
1983023546
138085509
769865432
792541188
257853785
102520480
398610732
254657226
1103122302
10644564
216704287
793056770
74220924
1733090533
1043941969
1203633424
1239692445
795919205
407834668
1366797861
1208523761
2002265031
1185351656
1485243976
1901480446
742361054
1603889240
193181877
695590972
798814437
1660539725
698807501
477923514
1860517042
1318205944
1303558697
953643826
1614922343
1619913305
786965345
484038600
1048641012
676424624
613922850
996694519
1672849999
1885937244
1423742346
1744444101
1653220494
240808812
1428862560
528341923
1909115824
1717432625
6581037
1038685338
1715569219
1734919568
1479819664
2116775672
1527958771
1061524862
1184458049
1629336715
469576032
360197829
225753098
1903158447
2140111030
867604802
1806186698
537179356
1078820898
258945226
409148801
1750490118
1162349356
427655554
366541708
70979192
73173517
1652462204
1789830764
1385987432
500540340
1134189142
713381845
605198376
1087052565
1311377058
1170178367
1528873202
808465635
865235759
1750014967
2120001002
350364565
2003008594
2022623354
1603901118
1748472260
435570599
277886491
93621490
507460306
1465448144
575404608
411102535
629909421
1842827087
458902295
882137396
1389074728
232160722
1844840880
662036683
1173656029
1299937425
1716380445
861874791
1356312271
1017572210
1536046411
1666288316
1083957736
1022530104
319607752
1050601736
1610615290
1029702440
2117965517
48840088
69759519
1637565589
1924928538
726991495
1126829662
436892840
1331951788
2014069607
392466863
1248907332
945801288
1712804963
914513904
1911926160
441897611
333926281
1890749293
1527790208
1879425087
334832251
11054748
2106133099
1881408608
1112952220
1190024516
56667612
224650878
326600682
2058468468
1770371047
1259306100
384691640
2035230504
827657590
2141987233
690970715
240661137
855610071
1861828527
444517167
1301879170
879940670
868055765
1523680859
241453305
1504795369
1927336160
1839205489
863961084
923276861
992812296
2080273712
740348714
152874843
1318169815
1434272413
860714380
63195382
655904837
175809741
1798410395
1294900035
1102974515
790746403
1171075523
1130521410
33591003
1905700591
559442275
1075932753
1187138636
398360336
1154026333
119642303
204367428
403169664
1863804402
679902935
950418045
866647393
15818466
343602012
504371502
1954477933
247567157
1000270876
1726924491
206123476
1526949836
433337552
1297232737
1893638935
4278504
1882263400
1707991385
1607391581
2131189762
154302286
1723937199
1827987767
833172584
2080244739
1121186618
111028299
234319473
1543694239
46070887
2133646124
912178268
839361997
1153549027
855462424
1015719742
1785192421
1152385122
580167716
1476560725
864808151
354188226
111493338
1767545382
167115826
942321643
506557767
134447137
1352243003
972379305
175219516
1213649251
302870207
115769172
1797094170
1402123708
2146758863
1653449171
124607232
629661987
1208561134
616668521
1577998034
738116486
237560026
599292458
1744942339
1004353772
518263194
113965644
85797690
1077226809
1023285795
1844042705
539761672
659098063
1195202674
1621567744
317628612
741969675
1036372516
871533077
2039558918
1768730365
668648612
199087929
236080030
251585994
486313968
218588376
211679220
690085439
1288930102
1669722011
461809839
1086663429
1032546624
1589413151
615698501
1934700760
1045508600
683914420
855959471
998790563
797058522
2111586114
112931122
1425748519
1663280429
199866415
1908263675
375806763
1713909156
1436871145
2090333173
433426130
2052645501
2003086315
1554932082
141969654
536531399
1464112778
556671849
1444230114
111048095
454283332
1008113830
1800645893
905174007
1974587786
1041424596
2042003270
1974800281
424989237
546334422
1676938990
827219473
2107751403
570802197
1656628795
532310445
118612111
1813956546
1301459939
625677228
58349795
1415562562
506220471
848736268
1557434993
805714851
1762098925
1249488264
61077209
2060077599
69805863
362449676
787811214
1243262106
442569783
594246677
817430755
995076667
453599450
2080625596
1179686516
761953977
1300245241
81021660
377225479
1828679510
410605381
212296185
1986574710
1180697894
1164218656
338735824
839133793
1955918715
1242991172
243631131
605594613
1443989778
6443127
1373897330
436351362
531870051
908566636
1485101760
39160623
199163205
1508444474
26200563
553527957
324739667
1969560179
1889525255
1915262197
2091494154
87432102
340064846
1922291207
2021289710
1352746426
251769547
1021574588
1191559990
1185503510
1130585838
2098314182
2113172960
771274990
1185676297
542178617
1527291451
667405935
392154446
970032496
1665540328
15633401
248669036
735986812
2134494916
2029278556
1475782580
530772427
422918967
734070408
495732685
203149946
2136536138
606374683
911262001
775771587
570377481
369777060
169433182
1402426612
77055030
1370258133
991780145
578933567
2124404832
1162846837
663978085
15536571
945408894
665460579
629342906
1658335331
23440781
150651303
1291714860
693136389
1009669342
2012893308
806128257
1398875244
796471634
2060970270
1224305559
2020712753
1151578742
1444644520
1657704465
550696898
240909010
1961862884
1149164038
1554388859
2131816974
1046124833
1895787501
647211736
403597940
452108690
539070209
90859822
36195272
979129232
786824701
299146918
1914932314
541680419
1922250678
565240962
1572036314
2137556028
1505486976
1941491983
117182161
1152089064
1894967800
941902405
665033018
1347270377
2119838073
923956966
25596345
793625932
1870271244
842509179
1697360115
1335114937
1266031535
1493708275
1983208627
1938193941
1589091550
2056012735
1086903705
2112667569
654763626
796164137
505765716
1596643305
43837765
1377681722
1764769835
1005174583
815295479
575562637
1613562023
180609459
289519268
407566236
1443440046
602278025
1472252918
610609465
1664279536
274543182
1111932691
281918492
2072671534
1027754760
1095802821
184682137
1184004340
189432127
1640186453
1702989259
624014407
72849177
536207746
1161375195
910165568
916747668
1513904051
628056181
2122446175
643953081
2062856795
2041588752
1187778234
1676802559
130726280
135378080
86075311
1009001564
1305243548
836120028
1425542297
849137219
2038883691
679756591
1881911916
1412629122
96526871
293974977
510428681
618851827
1730872947
1086381276
1883530959
135316139
798061757
127166881
847499507
353248322
851202975
1482040423
1015256072
738292728
1873881218
2146182459
2140692353
698201116
1589585794
1088756628
695072827
1973096801
108644317
1522960878
4084677
1168308209
702210161
509407071
234835235
469566964
841299061
1928498721
114113387
1031523909
97439481
211238604
2048997729
1845079988
1584850670
1750878493
1404648103
341849820
69544903
1381617889
157180100
1018060261
1149761812
825409821
1110553329
278915239
1518158391
946457160
1840251585
1896694884
1873124546
1294447157
139832600
1318725721
643084938
874647919
121388346
255958173
157215913
1455905295
2116088430
1566675476
1998675688
284854379
561266185
1004971723
67783388
1669604423
1473389383
1643986942
1013455273
380842302
1286343793
1516914433
1945529043
485023230
1120802131
2118110158
404747292
710786067
1086426074
14863306
1115763232
1054042809
1426735900
1969682147
763734002
434702254
338703393
818109522
489354738
1079123048
2115959755
922867937
1709913184
2128880727
197221546
511980659
1792658123
193322103
106967467
424428580
738368434
1031893242
1609223879
116696734
808533299
185144061
1751393989
502380540
59512737
1818813427
508337542
2135816492
1504279184
1332865741
1963950852
1212913652
115488891
294015604
1242152343
770395133
1877930160
1947356331
1692194021
923893233
1340874914
525588472
1333855361
2143025229
619988964
119782995
1689979916
258982344
605808332
1544053872
775318616
1376106176
1491216068
1464316141
942150734
134632703
1005674087
1027922822
977253879
864398407
1714852439
814472398
2069647069
1334719263
242100335
2095965124
138629934
1803646780
413864072
521135126
286838801
705823104
1729657438
1675590262
1698291792
1292750937
1219373246
1122800645
775506682
1003977300
905284888
667420105
1710771385
1748705176
1401191767
1146650508
925129316
910721289
507472321
1201392973
1017857864
944704784
1830336618
2005874324
398088191
1229540995
753408036
348605059
1857047602
1280553485
1901186611
2005420941
459122809
949800419
1241169781
1300154938
193074829
1302236202
482200260
2092216763
1852575631
822162409
1437115496
2102083101
315329198
2119173279
1031675775
506879281
1604502726
1931551514
503647491
168921675
446355441
1581482516
139491530
1653561847
430804031
1300569713
1076201971
1982730742
507874716
469244100
373778937
725223762
1101866497
1835390360
1959083061
207231722
1598802236
1180727827
2055752941
2073982589
238904404
1261147365
691727009
726317104
943834566
775745182
684526474
162841909
2106844653
344467290
1480668023
1223297452
258274028
1429394719
1025396483
1946374752
1818953527
1852700167
224667590
276582219
76336900
1046206598
807517696
2102618262
1003238144
13757508
1023010381
1931412705
1044155487
1449442854
305422896
1892371127
669558680
1168356229
388958450
442890855
800744021
245508976
338936786
540086776
2085625664
1918119114
1532760692
1419527836
1410259251
663863894
997984325
595040296
1047956712
1524979723
920999626
1985903957
1857918660
1113759715
1862063427
326657595
380137827
71498159
1733581387
622323343
613155684
1559766456
138679712
1599359448
628152125
1519765845
746276599
1212356257
475816015
319010930
1397236637
2040743633
1994246237
1386931869
2123763505
1392314385
1420530898
641470602
391470415
587380231
244132516
402973403
197888124
1104805451
1316886581
1871702205
1742512266
1065874700
277764610
49606390
1205057012
291254500
305698689
1614845876
961453270
128476016
351868800
1581560107
67367884
5189241
284659339
725606083
1401079688
1290804006
1698409929
1717063356
1767930113
821607416
401627801
903011188
1132409612
659548016
1809126283
1981446273
221499489
1809423920
906813517
1936067645
936543806
190632454
542226941
1282525041
1129601089
262196946
326436286
1760225268
1070080509
658656401
1306911334
1883860612
1912757311
804901867
1175415483
2027301095
1650504073
2020766382
650300761
992802044
1659577530
821303347
744612738
1916062053
871728966
1016294839
1388096011
1815530308
1048176639
1433026440
434767382
1262823057
941927668
409994022
389744816
42200935
550442178
1728396970
555680134
552327198
889621374
1855811310
1858540958
1014769019
2071812477
553255401
232130973
719116203
26621890
1760774907
630730567
77152560
1089799925
1757615888
84465455
74417759
1361950703
846446211
1665753628
1850914836
2014827241
1257813584
114350959
678321395
1960102391
827678995
875610325
1008763721
1867105217
1292436126
1918870412
352050744
1379039525
418417600
929706476
1097834574
1929963494
1037840467
1682030676
1618093572
480545883
863358583
243895437
1559764608
1459365741
1713937976
2010234072
1822399688
712877800
300761960
1544180128
1510974766
76375617
1886776183
764732301
1631838262
2098178080
685134894
1010529399
1479026839
1687743716
2100877859
6364570
1901501441
1251225003
1197424883
212978765
1598589695
1062187192
102781437
2099986049
1664581569
2068590564
663907715
640906559
892071833
637329869
1951327724
1649155849
1716874271
192219491
2039214616
1188058691
702662285
1242388273
1726072528
1757942144
2044896858
1952406596
1408653501
1276507022
1158511371
1890077296
913515192
1455946584
1804798392
1300750092
581532073
1646848684
109611278
238407291
850510019
799604873
2097822793
2093346641
1545526450
1453479301
1559909739
1846518755
1022225954
701430207
1148068863
911379593
656791362
630752109
330199364
102790780
1208231873
410682869
1226464835
1981683954
776760303
1385513217
767033861
1328759313
1051594402
865055166
1731909172
2058379346
1501325025
328937642
429912185
473413631
2142713282
856468710
1644534064
200157213
723033072
976481296
1041088039
1914564549
1200007958
1477700359
692572552
2103868207
1986768385
67652845
1196593856
1376194374
421306593
1904301279
454450595
1363885740
715870798
1633949539
523449779
1850193164
986884859
1258814058
1540975724
1111643753
1012460978
1134630291
1427388661
337247169
1766031517
888444563
1990263905
269790932
1790900279
1647393783
1620619418
277343273
1049964277
1298898965
1294522769
431913079
108775253
1656248443
656795984
338098788
1825103369
2117423447
1434119534
1544891029
462477622
649891770
2033024696
873566501
782118951
1039325621
1671908070
1035864355
597927731
74018444
329069540
555008504
1728723185
2066247115
1325978031
1671958348
144415594
1142234594
966970371
257851375
747259254
1642461826
968711983
1288814995
931441909
852512564
1733548595
1115916687
1560651079
991416128
1401734843
1864598577
1696604346
764333095
680268601
1260729287
1241604680
899472819
1659810672
1317906420
1743869564
1476155600
1797394641
667228715
1942057335
610461864
1642750454
1776117517
752027921
641236430
11248739
1324172591
100385703
96501605
665871586
1104762107
1560236468
650128200
1705140003
1791965460
144944236
751845910
1418308042
1738247668
1916588956
1846132111
368224988
669933976
673576839
817603537
748268678
1744057638
1471946220
4430698
1192296194
1467292477
1708798359
593415211
961165089
1158265567
749869418
571817144
1574906821
684531275
502131625
2612011
1254043061
351054294
35817302
708324967
1354289297
1272212181
896531773
1712597555
1683415349
1763051412
1650859771
1593354930
1055487612
2068088742
1763237287
1703812499
994470775
138651768
266061152
497544853
1449051950
631646646
447494056
330755883
1974567211
316978385
890684505
248349184
750431056
458563574
41212559
1528703879
371091193
892207293
199695380
157342734
747712519
725627516
870318228
1933276193
1876042768
1240203814
833012797
1610912386
626049187
1393188470
890157163
987122413
262714543
1000919721
4542988
1394080079
936634670
1784093418
459348634
799177869
1975343328
146907773
1963797864
2053013831
361468881
1493103688
612698936
1280032110
1147550534
413920169
566002914
1009614239
394192582
937216986
710416896
1150606917
1079278941
313720031
1298666642
927449340
65029324
127791434
766852716
449755765
1351374885
109844597
1931050153
1645800109
450921086
1477738626
154675622
244280559
1890654036
136519029
1318088565
1851786119
609272525
719031185
200265165
1461258451
360079826
978453306
1755044884
1941587183
1256620467
1918092530
1179930241
286768246
1406510008
533705697
1695741671
2034440376
727771612
1577859869
840022817
1363458046
435680858
2040785289
1647592764
1003097627
1389756233
887049014
770902725
567275149
1247399493
1154793292
497985850
11416745
1161047185
575253093
1355469579
394779934
508208060
1851181255
584439850
1840322678
776577057
1918678770
1617032499
1557813596
1553146390
337826075
638669673
1878271653
13463893
2031429931
1239807914
135142854
149748390
877733042
23575865
1145452
308141835
1428398604
315239170
186456621
2070820631
1599666205
1953942087
776844810
1260851328
241249489
1246753813
598348036
1494399524
1772486701
231549962
1339533888
1289223307
1566587493
166992534
681991241
412002679
1253406092
1585335532
922024602
249918
24783159
1413798856
55137222
910676393
970503336
1143874869
174720746
823408679
479426775
753279543
343252594
658379296
1486019123
1964120877
558928284
1046761467
1259289048
129927873
104186555
898489863
593682984
1319863724
1123779204
1052378273
1125169558
758849734
1991649906
1451619122
2065662722
737876546
124659650
1915824870
1429156087
725491770
2009858911
653816390
870750654
971761926
408953793
895819713
866983742
313597624
1980544156
614767810
1234028010
1002737398
924774466
882924184
2046431941
304423724
2136602740
803019481
2131581115
1820581513
1573367071
1493558011
325221975
1225114621
1654743225
1187003176
1776583818
112883753
1092876860
1580479257
719310093
1814038130
2012033064
955476059
683438708
2120150081
1054777042
999369690
1801745225
1137699155
1849138413
933595772
2069207086
1380319829
803749170
1280674892
668060439
294023492
1308783380
756049997
198409174
900242963
326039852
1811284229
1289619569
1100788068
1723520952
1426036421
596401327
527642630
1234322275
971073476
1269404693
1685967452
293478844
1880147840
339410059
2145130191
1201379190
1686317238
882197072
639237485
1612735433
1530932799
478464863
1584065270
675058473
1532660362
992381828
839459870
505984851
714707233
1644471825
1463873833
553416879
1677758252
1800903869
1060090807
1969030051
929066103
1712075406
1737579107
277259886
1875049367
981716973
1587777669
1139146664
440241196
453862074
1765500494
1858635012
1261311621
599612221
1640551821
977793014
1093708679
255714693
500894695
1393943265
972573551
1110058488
989425836
2013103375
448963915
1877524204
1041718788
1641388847
1899199543
1748702333
2119525909
1669010391
965816340
20536727
2090583383
1498949866
813198135
910388441
639267467
650506423
1128751583
1490963450
2109237989
80593304
676409859
866278424
1805669399
716661573
1999430819
491199354
1077804545
1935347997
844722642
1373618226
1061777179
1017520502
1164246069
928107127
2005373438
386544122
1179437823
491084546
1725677554
692918480
915278576
1989075031
76271949
495052084
1553475939
1149237446
2126559641
981314500
2125032236
212988623
1621848270
68901577
314490284
1844488999
135967535
1674942684
538804475
805299622
2049797259
879399352
2040719249
136215483
828106796
1736839613
1942923146
659686412
1067427096
751128069
388704943
1023505520
1536520319
1226870949
210275925
263751277
1782739062
1791354616
207570300
1094651038
1607105381
856286769
79135174
932491123
686155563
174662187
124507540
313755909
1702130996
875240411
2117889760
707175685
1199974962
1744187344
397740439
1868672375
1829982900
1108864163
1736040236
1255352049
886473051
18091022
424145474
853481241
1070303727
1641321159
1384127249
1971902633
1432538283
1245317167
864777527
147474510
1673694379
1161365589
1865421395
260739195
44012113
1953953091
367229662
2059381047
607841165
732740320
1869117669
1284453023
293368605
187626699
1573795168
505399999
1113820231
966536845
1744028505
597105583
904878849
1615064345
810757041
1679590981
1642992348
981118580
940501351
1298748011
615105862
143555825
747346307
744798119
2142530178
258183203
1329347181
680162365
2043011947
66658047
1068728490
530869771
113878288
1794319117
1370951556
1788519893
2028386588
4533025
1907092062
2059861302
1904048003
2079240409
1371527896
1397281645
1878571697
324323732
1306440027
957383410
1252423121
1524612155
1668229196
1972026734
296672577
835077698
190631677
193768148
932051958
718284553
1175580622
1688285619
251225907
1842782393
1397169997
339661697
1957623148
139155473
2066849426
1929874946
1021631152
1643154622
1546626890
2078316388
1330348597
1192209135
231694608
1174023839
1956689998
25765687
946671193
1227489187
512911323
136822219
327529210
1908968444
46179930
1151191336
1905100286
684578033
2139549249
1225108536
541797487
124873620
885424437
177362524
210636024
732507190
441502674
674134901
337357988
1812200143
1705951359
982533673
266691247
1123428463
875505670
1175880892
1498987259
1354407632
834578620
1357297536
974605734
1135794539
1690969062
510039298
1431550441
1568147771
693053641
712188152
1133387972
2052378400
152427589
965328160
1949183932
1179574079
1384363754
1208689956
1093511800
164576238
122597607
1609276872
572963574
256882389
412069680
1887060317
888428794
1027193532
1398786238
1537380898
1688240156
1784064030
293050071
1802085695
2025828787
1584096918
742000680
293492710
225781425
1356154625
587707719
1164887179
2101826375
1632299603
564350674
1523001240
656010948
172896067
1872916562
871820380
1538844531
7752147
214703055
1888010000
1896353265
410593798
780587207
297805983
455378953
889046801
1022779376
1549712467
1615153315
1221563522
1908859518
1563642202
402104641
271606287
498242659
244181493
879464716
837612731
1862936857
1853660286
1575443550
655969443
689437133
1581360050
1920083179
1263230956
147923069
1762859787
1785727072
415736731
1497275243
1912123791
1328932376
770032882
986584358
1410075567
1465490697
330329738
1463236600
1996081455
1298525856
369807050
1147506709
1988081045
1263322277
2020303218
1138321294
1404660761
1297786088
1430147196
1578392378
133528278
151322712
2086135587
1783689820
747086795
2064070395
1270591236
1700249573
1975390042
1794027108
1358712200
1179513571
1462387612
507573763
540258254
13375500
834406536
1949070996
632217889
1979973763
518503008
615728112
1217333316
1821329309
1800305465
118145900
1190027908
517971239
1255077639
524010687
1715976513
1316183446
557821843
1639293914
1267245136
540451257
833530407
2070129285
195486562
546917731
545722882
1786807645
390178612
1964554843
1723730501
1034905168
1527750590
370405870
957969682
1109985343
1680319086
1985686391
939830120
495639545
1548655214
1527350517
1013190678
443370728
1214711314
1139763331
866432239
1257657017
736195645
1281197095
1547581177
754757935
785120966
383660552
419253241
1541010394
270027643
1947150384
1593006011
1889239154
1918364922
204331054
153869005
117374907
1141937163
774383575
1518553807
328714849
1203794648
2089824481
1421199280
1014258177
1404331966
499440532
2088612340
912364232
186698111
1612509868
75362511
1269352042
1702917017
105119561
929751646
1320591790
1777382152
1656142083
2094707051
1512077681
1208631587
1162717494
270942125
1678357762
1055361390
325536350
300347551
995737231
310342157
1212409525
1992138130
2143288077
1677637030
1035119289
1197664421
507348082
1643173877
1146367902
1338471762
1316387971
1449429369
761846851
1600046562
1671429862
739172984
1793772533
2029546389
1647132162
2059170633
1606581394
784992709
873418489
1310775058
2024525858
854934792
1273754432
1084635213
1508851016
1275864751
1425141453
1729828862
1330990038
1270256026
104119838
973795451
1310365863
1823806294
764833057
834065742
682173039
1642017494
1278430412
119011818
1461667047
1963091461
864952864
2029834643
772924156
1485445547
390903305
587199403
409096111
849890824
1267835652
1144812254
1691524934
1613697943
1757212678
179155653
1649881440
990210082
1349329711
892202426
1691191795
277265393
748703664
672874821
784102272
819078774
349826545
1580313889
668966371
758464682
1489001960
261821459
43783110
894551582
1520206692
268413155
1563071955
1250386410
1744912016
1319981828
671292193
250543296
1532751382
586821213
1970135612
330439886
1783831970
1359662481
921616893
170094680
1246508497
447049374
928109467
1919111021
424316561
1843154608
1232921988
484562438
45764879
304260861
1008003844
733610591
1247850856
531338001
103235391
1462048254
1519046904
1982217511
1837833650
1910802925
533011203
284256934
1767797890
494758280
2135007044
8234640
1172792144
1650892900
20583126
133675765
1212392789
1440476333
1516327620
463042527
1466651702
1596850550
1640304418
33718841
624891529
1746655395
1503037451
1621323032
1461406511
222300039
225624965
718323344
119644806
1235529703
479337586
1146707994
185659117
1589984672
1924429992
597796338
365183108
1486738470
1524540852
773368588
114105593
846929682
911027302
651280292
1290488261
669427267
1974090364
2009514256
819280902
1746276414
1084637732
2102680695
1131609821
622062607
2003764995
1982898207
1834486324
1948544037
80075154
2007866733
906997423
1482429066
32366721
706418044
817625893
1384053032
1208889093
1199231562
821575450
1396625159
1833773268
1800045637
1356475717
386949120
878938770
153365839
1216709442
174063518
1165851406
1440447224
910688047
429459985
48648234
100528863
1421203277
521694918
1418884268
1043731187
1278724491
1851535744
560290911
1855313982
841711983
1023376920
293138582
1338649866
1920671284
833578542
1636533851
1164295404
1754136250
1380455202
874769911
40057302
1214307754
483206751
2117386200
32329428
427902434
1489676880
1316060228
1806008903
2107046565
1903271397
1380623363
310534504
1805135111
416822784
616605138
1283713482
976397627
1887038648
1943914681
354065436
960678510
1181707668
1127375887
182545937
1586290612
95413535
285203907
517103857
1559639673
979554234
1039993812
1323102398
1386489944
1597037145
1170341279
386311461
1687117293
1069552031
714339084
417040921
1780866037
1082524837
828178484
1404606463
592168596
1384452567
1843582768
708496543
1168346581
293668615
2028712963
264468272
2061984688
1831617800
524476250
152266377
818504248
910583136
710707661
409115538
1424873810
1989103934
1857240169
685486655
30470814
271249214
1161572790
1978786470
692708049
1436566197
1163178057
1652080381
719735926
315620914
1628518889
812654720
1010794994
770189079
2042922280
1435770489
1340024162
453047542
349897477
1368225851
1678422569
1912788548
1461916153
1950484570
1780827871
1771804640
1908659810
2138242898
809791842
603941717
1719660444
301704923
96021143
1494831123
1547299705
1935326256
1915756130
1226575357
1993525958
510790432
2129258984
91013546
2027344745
1116353259
808879253
1565870317
140763985
877771819
1043329599
963734730
753546766
1529982180
156275773
903267286
25278056
53017299
1786032934
50157478
1825741898
1389595860
955950344
1741877629
1728120536
1546834530
118341053
176177518
69783038
853791890
1882960723
986158081
612360588
1704945788
738336497
773993570
1446563022
2010453581
1687624526
464513116
1072090567
563388607
1791199175
1857270237
1214083544
39104274
1280445859
1173097599
646200459
528953631
1540053942
333818162
238513898
1405990407
2063550054
1160164185
583897770
810027616
993227863
1828455011
1232480673
357857438
326618744
273973596
184875780
761166543
552063208
1457779021
448492161
522271542
1012694607
1703480849
771793202
215280160
526614600
1403332851
1648431272
1109211361
1268761917
1122799802
2059017803
1416555915
2046106556
55285117
247430513
274050929
581580406
1552643709
557834327
1534874447
1834029635
544176569
572689428
1446968
48513108
991150771
1864361090
1542788373
183534202
1751277784
1639365826
915083231
1167928835
782166748
1774338253
475099463
1804900025
537554040
1126919616
1918758096
162037373
515820199
1198443871
1647007937
1318442090
1637790835
213168710
1697627088
1204705543
655304035
1361150931
1846348960
633156010
1840025996
1855010422
576398240
470839665
811564069
801094704
2017530993
1115712977
1589455686
645986665
509647881
873109436
2001239730
844594734
45871814
1380926492
1797555782
1423354472
1650654795
1600804470
876019608
2057763765
758238307
1082012816
331619722
1000670058
1393020165
608150222
1935255427
1564409739
743726246
841081632
1420022874
1434528535
502758855
189743884
233042864
1639313578
1863094078
1446418204
710258007
1149895839
629790062
1574028046
2054195136
950824998
1720775007
1858193075
913612380
742208888
537517306
1408183635
1257867338
1616518274
436443566
1050365864
629665313
520748046
740559544
2137754542
856026185
2044385878
479804990
1332649335
1436708093
1769377339
1388827265
210603309
1514877727
1713187346
1805913229
1583166231
657326766
3609631
589216540
224445132
864572535
402644116
2116105820
1275360275
888048060
1679098569
1041000063
859869835
842585076
1756641265
1807932773
1971008611
2036373260
342634323
1922955279
588820502
230906364
1773674000
102522261
1099926910
418087610
1957778584
983195508
118361175
288794340
364711542
1454485756
1748015523
1384703043
170910581
602812209
252139134
1567270658
1465164966
1271661931
614821755
130464112
299335086
1452700508
187723483
248437613
1459711031
1313856085
741318888
599714474
1516428392
162753464
587754189
198240856
1175617017
50065895
116169911
1149937124
1110894126
1227207768
269353356
1393017755
1140604490
661041446
507916351
1670302185
352601244
2143679761
1771009340
1082888096
2111174634
70933808
14313937
2042750627
1984308031
1919431737
1357165159
620821292
14433731
75363224
190847516
1906318998
1705724457
1130855370
126950703
589186208
1530717282
1119234566
704430181
1869678448
1416073723
1359545641
1067084969
977562435
686308581
1291406972
197607044
676553759
748088266
1309344821
1318361818
1210182593
1330316670
613670789
1436008879
1393612981
417248964
1271352672
1043464019
1475178251
1172198642
803127859
1587517031
641354746
1692929755
692463354
416927077
1953612808
2143786234
1504875481
1453342877
1211322284
363633956
2055681260
1478444427
835394187
357155532
1174859702
1278391298
663794850
2070576659
707319092
965016013
605884934
1159666569
1753688571
1970659756
30809543
1426781409
576876198
1297071939
2110462260
1598624746
383968816
195634052
262464841
1802594625
1824441211
1570206046
205775106
184740615
1896637089
1158554924
2081287456
286248931
999554031
622406857
11022980
298332634
1743353419
2123077944
1867649169
2071960700
1723641239
2140331162
845031494
74882155
1815823905
3840529
1026044899
539492201
1984479868
115357636
1988501345
316295148
1937014087
2071608835
720393216
856045386
1877579507
807583511
963218363
914085023
1692076932
1910965763
874595358
582952137
2123118134
201714489
1805017380
685738497
1008830921
1734889721
835486871
1412439128
461617168
1738260608
551570816
475981466
257882795
647989943
1045174545
1817749286
832678020
433763063
499239362
220699164
84445544
1380964886
1527696332
1534450300
88549581
1428099071
1782164832
395835762
780344830
1780073538
202301835
1416583799
1362014600
1926573013
1588277044
679721125
1077160218
222393657
716343460
1969226080
1347929955
307382833
1575099329
604921627
772957187
1156706333
105118037
1362047605
1603776484
940373261
1162129215
1486778276
170938929
844322157
586769791
446480727
1666444618
154023067
1000837831
1869552699
1888459561
1290303285
168743517
1473717045
478215873
1178314582
1393168056
481564589
1591943086
532405605
2066791058
2101692759
1950784838
457910747
697187609
824291137
297400532
1212799302
490534943
82887072
1613057827
281533724
957579398
589439137
336704667
651955294
1497548891
704599332
1493319610
498830537
1968023115
1415217943
2048956453
1879319062
858220916
1530507045
2088582640
1772507389
790844334
1678337047
1621456243
1538107522
569906540
1470894951
437487754
118848277
1734862814
162318656
832649293
327801558
1875387174
886935410
1581240112
1496587113
1828246790
272105307
198036728
81386426
709492698
331082626
1009565364
1843532459
1504096356
631053637
1746049951
1756516570
684174947
746022059
714849450
1589042499
6575019
1532286618
1104513824
698008993
1349326047
1593308583
995600344
879585345
2029760665
2057149348
646314737
1394882619
1815291470
1575123380
1549787814
299883860
1815520712
1380401388
6023769
1550551818
777608252
2031634726
1937568519
758741173
1841633950
1288484471
111831388
1333815309
806284057
672012011
529866945
493965326
615809596
2002955121
1075853921
1080969903
1662840762
1113991779
1670035945
244283852
1051353668
534044450
1524454033
911862338
1520160860
1383863489
459923007
587479404
1564002158
1818996344
2048339477
2036165160
203527256
180580432
221909040
2022451075
751037643
1001337615
1877163094
564257132
1634661048
87047216
1402267365
103499072
1584664721
492767451
778010309
362628973
1490926965
409493863
1094042477
1549805865
1320642746
1039492002
1380766758
721806664
323644424
888945565
217980269
1931433150
1155923101
1140119905
257473558
693841508
2005966408
1702070063
9318940
1311837501
1383969415
947154314
824319042
2086544060
750750560
859175626
1011525764
1209414769
1646297961
1497418143
1257821776
1974959475
1563866577
1266052295
491208770
1339853173
378610022
1850469706
702001946
2097281503
1520181636
1795603384
567618474
779209925
974243836
1791053557
408879523
1578403643
1396303957
308598011
2104772384
1443698215
628325242
622226704
609925162
1186720376
1922880883
1922148857
1734682496
441596593
332836947
1100775364
506090639
791931734
345063544
658669721
1038171718
1067513837
1362831433
1802077438
1593776787
1478044888
845809203
1520680054
714345341
1095560168
1037897396
347328288
1943958608
1129365570
523228500
1088705867
7860704
1967233420
700561846
1388644789
40569776
334169776
1018695988
1448159478
41562692
477520044
1420941313
996631869
197043556
924083657
1499192209
1240075185
1208633267
66944870
488384103
321168923
1586904696
1876620797
1703208923
1461188469
1605461025
1540409631
640035888
1865712343
1415335619
1553888604
2102147851
1372778073
1499541883
118099426
1154978140
951787864
411602336
1118054879
1082333892
325613155
457550688
1716559421
1639847294
941555748
134014603
28684936
493463143
1488752945
1646040272
500673881
1269490977
1555046005
619351589
989962296
1596208550
430705011
901157885
1783593497
1885364376
1257584952
1374358706
960551677
1005162386
2058480424
1856237329
1094265002
447744097
827342414
715162595
223560368
1208573815
1162576845
746697076
53361010
1657361689
2094452150
350745850
2037681611
1071731660
629490232
1630615701
1419475517
251763576
1561110412
1059311533
204758757
2076104708
1035840726
526514383
419290156
2059855461
1798190834
1356609230
706328991
1635236956
1399825066
233187142
1480624097
905163234
801045177
2023136722
1393269905
513229120
1648520365
626699574
722097193
243374594
19138133
1155377245
1788434979
1446021038
1053462528
888342212
1022336711
154867374
1199310477
85513972
154096326
258257895
1965805953
591673606
498271680
1720276658
1931477931
1719541529
1402332914
1447677181
1332218388
1119828506
875986613
347683761
1933097865
1053933222
1769565067
544173426
637279213
553523013
1848194905
628126382
1709723643
1373947116
156034044
144718346
791107490
1473154239
746264821
280175335
1727431304
788509490
226174128
1010244126
1659023764
1060950443
918287761
1952653089
178051372
46857543
376080663
1506146418
703107090
490335613
568201238
1623515140
808512763
1403739801
86570283
1529994590
732639092
1358079186
1984795173
1053745866
2078865795
1017839046
1760004365
2063389479
1018810716
689592221
1464085429
2022479549
1257682518
1334409435
1785188719
921030926
2079649678
1986482501
923045666
602610068
1039444076
1389138156
1459696895
2087057883
555543169
1144052511
1198267441
1780366507
493426065
1344947030
1160581840
756103325
1411311400
1839235027
1709088417
635233198
1679181033
1022353142
1875976139
75397401
1053356763
839704807
92100020
1090448772
1265065727
609928636
681605268
1934760569
849810229
682692074
835275712
464505260
1798735309
2006770313
1251340968
416546778
2001150412
2138288869
1999235362
1446624921
1683919682
718552543
1693503196
811849861
576897483
719870827
403648818
1631413006
473219504
1027025753
1337768232
2008991479
179841808
183212547
1390804987
2096072407
178106607
114524150
1102936017
1683141983
1066024976
238000855
1747100608
514668614
1473803875
1017784526
2022377982
1535549360
761951356
1502179966
637726526
910948723
1793495274
1264075113
775895804
166750135
1103043394
1333732037
575779533
662092484
819312108
166214584
267496626
1451135164
498094191
1477433014
190321089
508546513
1208052893
40066404
1684663179
753302548
822408373
1476283972
494962854
1241759769
1374763289
801949072
1525833183
1321010040
1093217237
1574157021
1281764651
897949358
319762656
1345017667
1690557414
1342865279
456675885
358329477
728947583
663676058
721205569
1094961463
599802474
2039093188
585393229
356074659
711100425
791458976
2021810980
2079118068
1313374975
65285775
736803039
2108495723
878444148
242696176
1569429646
507045946
1628459296
476777049
472711075
2131272942
76714528
593987622
1145539122
1906813891
1337381503
1177110983
1646343280
1706179733
166965519
1685809561
1590828153
2051581217
882312588
1610839470
976530766
449783785
1736111782
425731454
1103574396
1788963558
852125483
1520979645
1564586733
661118968
1795108639
301363437
1523044738
433268032
772815835
1446912743
45717336
549022151
1009052428
1134990231
931261653
1118741740
1238226747
1295940698
1660193241
320966275
2144084205
1053042458
2024178683
1670595392
1929826079
2131879720
425724353
896180850
1747410387
372166167
1531385280
459061989
89579817
2007776424
63056145
32064643
159325885
166078376
529826424
1248672200
849460984
1854163662
1312510130
765245021
677901982
2013597899
1482398660
627953258
356791730
973200369
1298453520
931862092
2011166673
635424935
370775348
1175500778
1330918076
1892590301
743529620
1310009060
1190029399
1898163377
1108473730
1656756104
82095601
834071839
1119491279
307405608
1037235686
845005272
810817498
110878085
1470122318
352880701
1304437734
1810336652
615597196
86493598
1498747891
885394079
213563204
595353492
1579820655
225289397
1842785619
1882625747
1604356588
1063651709
1849484435
788546235
1161718583
2146730206
1225681842
249925566
400910110
1653555302
1875640528
1458172262
1022920657
1439791217
959904750
1459043537
714270679
1701173634
292191869
413540048
1308538476
1691709855
1137910546
1725394626
1223893821
476925823
2063432152
1807912074
422469087
1636472113
84047116
1011916019
476232138
1591465850
1913387310
1119849953
856690262
1247531837
919639599
1140608625
1262045879
1456778344
1501943086
1699462939
1614357289
206095843
1114990376
954777536
1504126350
336066387
1149778225
2052774080
2117583411
397531074
708242506
1279553530
877677645
1210135534
1255909668
545772690
1942117335
124860173
100979042
2143466997
1532999507
1809321793
582522816
467103934
1298665485
1140850111
1597594827
2127206053
775180072
94643199
802218827
491179305
933806969
1594746727
1336079059
688841306
1999752825
1650689452
1856686757
291025719
603411867
1538936146
2052813599
534194124
1421302869
1768113709
1283940187
1734854818
2119879771
567571637
352921563
155756202
843484367
630346437
877415931
882112159
209707711
1059704213
538640279
837891878
1416173457
1284451781
324246085
2021215502
295513142
1311927738
1475449588
65706895
1404234954
1816562465
1088617862
904720147
2091256516
445183228
175913409
966729999
2054836930
701966284
2027551514
1013729812
979353123
974597088
979451780
711279011
900210515
1314056389
183682040
887045092
331493255
731514106
1676017308
273382526
1652349601
1768957031
1957856237
719016514
2007358557
1378549682
1718633355
132327545
2077796383
1140458396
74826954
841868555
1830015485
225952501
2012466637
308909482
1623968458
1835095100
1158216282
791054210
981671548
1671386683
533754087
1431702240
761491878
2120367616
234580834
297158731
1573887487
1532931312
1234279214
1408738397
1556684715
427051804
1384538256
536621989
1707332200
16929657
1460813995
751606996
1330506600
1753930342
1145286586
568980732
587390574
1667037573
1956295848
382292622
745829407
757763367
5559607
1893221948
934730783
210667252
1396747675
2042688551
1592172123
2003115267
605943565
837176102
118978755
1470719291
1483488175
1903302061
469458621
445500619
417629465
496880781
873265445
477788327
638890217
2104710663
830929848
1043700102
1431600127
1089662767
2015849626
2089394898
1927229891
594973566
1814195211
495861276
415546677
1313206175
1503707530
69960574
603395120
621787633
580912232
2049294782
1391356863
1603703082
531184186
1525418975
332144769
1565896362
508437557
1033835060
1930769621
335471662
220570620
1154744431
1777840757
585078020
590686511
1273780624
804937802
1945571133
1862272828
989234891
807764297
686244651
1884817050
1324634180
1600864317
1431341270
594709996
1238893215
1041287810
1560639104
501009214
1846607860
903036216
1588834237
1349431595
237534326
579382941
410773723
1041344443
587252202
43416545
2030487753
1838445588
1142374671
1575373030
1238958260
2034520327
1464626581
592204498
130688666
659926661
53969225
1069391237
726805903
1374471926
842567102
1722347415
1972272446
1081849072
1501879850
1628336199
1308041408
19264895
69602345
1991970321
1473048758
1525447529
2128898087
1801975340
853691438
172603386
534172593
1217135563
2122545074
1962637562
1402081634
226916351
1119700160
1979944647
1983168745
456083179
2075546243
889218010
1727569598
1488134094
229633091
755877310
1521779528
243371731
1205929788
2114594305
1416951225
2035028823
1553475342
564556313
157846955
1170678310
1449233018
1052970993
1278240838
767121678
1703921902
1979970871
934564111
610955268
271747591
493191329
198342269
792280260
1689503485
1962918720
869814574
401738999
1170487471
1800822296
1393656090
1420891564
985931797
199031089
237543553
1812959334
546854899
606964733
1514580460
1107268712
1398765222
871503873
1013796791
1603425598
1651745719
1975876980
1869902693
316275889
1430158745
1471552337
872158627
1713509025
2082813112
747819446
1098145341
1644848961
952546840
97042872
977016810
1327865361
405805701
1523430573
1527999915
545651145
620059219
447475337
1753088216
598660712
1565739573
632198061
1670266615
1630844119
1368443427
191884293
1318625831
23874429
2064925519
2041060754
2087699052
2083357708
1464522549
517210801
1801916308
1398695861
2046479265
1559999108
1302699739
455215746
2103352944
2143963483
580508085
460973310
2015457253
2037879707
438850326
970111040
387926595
1959827412
1364921001
1614463179
437989932
1789996211
1163314595
1916849401
896285389
1028757027
886471617
858527922
919310318
42465843
128251019
1285339766
960245696
1696527057
591403291
1999730337
1981104681
1731345380
1325470510
82336353
1507355677
1216046002
1634500719
141616358
7842842
1074382746
411587287
108562917
669107
911907898
803471875
843188429
915876828
2087144547
920198460
1525340054
478517059
1881621838
883081969
1564785516
1160356208
1098274125
1059564944
1094857733
1028386197
190372734
1557551903
1321965799
1073034817
620423124
79116950
997429324
1553330979
1657773617
1092645131
895504714
201531651
1545126922
1586041547
1773755299
954133358
2085107235
92892006
2047988710
1612295311
432685551
1356532291
620880250
274526118
402901081
1445476255
1750129618
250999457
1178335785
1237155033
1998881630
607141699
79106880
1327824716
1067236369
916885933
278439362
1902738517
7659161
1562520929
1101327689
1238279096
389576847
1820837145
848175290
241870434
1216655223
1762581194
1707728667
899335995
1007219031
1554115835
1778500579
651661545
791168910
1866497016
1836147936
1846785650
1555011196
1877659245
1836211
610791067
1991855971
39653887
764907656
539054421
1541786229
2031653035
385746439
283016902
1216511771
1125010525
406061796
116535388
1449582346
287549536
204818581
873710300
1424894174
1596481752
284345990
1985269245
1098557986
409055690
488823740
783033881
1000120947
1243706924
1401814669
445679096
1143138416
1514407404
683454203
1584796189
2097799346
193917232
340604345
130735272
539403674
1404940228
1173009352
1871991332
815880726
15350066
1956708612
832046110
1599680823
135488878
2079892194
238526397
1229926195
208653930
1541219313
1370907376
1893315613
1143249132
836447057
1455084842
333789609
1999583511
2117264751
920473613
1161372204
975784187
1236496319
2004309485
709438066
527149077
937007148
1402585159
2026031898
1568251588
1930389615
1711056427
884916199
1466389035
231965146
1086321559
1731411834
1713986103
1080900016
480715728
843479008
1872389090
1089806198
2125656698
254114489
655800495
2079838771
215974339
115058025
2056570549
410218632
1284182010
493695465
896863004
1986699977
1100112044
1066476847
2110206967
1580717600
1951996912
2080669324
610014870
548274777
1904886219
317822930
597921763
1150142302
222313852
317921839
522480346
623779959
711931749
23482975
1426899745
1328319721
233960400
810427569
1649580464
186094947
1728162706
1676562752
1629231596
874944124
334722334
1625780371
760240360
1793927998
1675692255
758642304
349593795
744876334
1845730225
241354139
191938045
51816902
825103385
688773492
1953508456
1585726158
1394395522
1091606927
1028226836
1112747928
359730946
993844412
571129143
180300654
1944959731
887656333
2036973299
268266411
441016100
565926539
192457494
456100522
1671492969
1377620404
349367784
417239643
1498316734
56649534
110984237
1073017425
1132638587
1182250636
1317776108
416814998
1688121157
200140760
761946468
1583903385
1051984360
1456059031
888735881
993271505
1946287209
1682425758
1934668138
1036443027
1748306418
1161485987
560190302
791694637
651447324
641779559
1557397557
1817513048
2006245788
1707973506
943974468
1913141738
919118661
1378324816
1175404444
674253796
1867604919
847186810
659472472
439363637
505682788
1731435228
1389508463
1837757306
2122627609
923864093
1859735315
1595212191
791900975
792010183
906685375
572969008
948913192
773228538
1065664445
586793180
1293911740
506780163
1089794426
903964108
1320880007
1948726808
488299452
1777059027
1491643911
1064745132
685441190
607002936
559724289
1771342262
1342794233
1705592183
1751612631
1994792668
416019227
315288675
562185345
1630117052
2081143421
351288467
407806071
1368829211
105475886
1789893949
1802714592
135549653
1926164875
1868849466
1801251412
664845858
755252888
895533527
1485164353
858609852
1552754993
1761925032
894373602
880628801
805368648
1608373407
369256331
1936372886
926305874
860422050
1079010999
1743990947
1830946580
691529205
727641608
80447929
788488997
116601362
1643332642
64958004
826459468
2115620701
1211401983
773994807
2021337182
532645888
609518043
1155612702
1300562127
32840097
1062016663
1822547402
472149291
930079033
490406954
1892803564
1364510307
587946377
141049072
967634619
99017139
534184086
1681714391
1100715922
1987645541
2043219661
302047345
1106254703
1203614471
2126407072
961810452
1590994239
1914974413
1890247347
1962312574
1229733218
549805958
353201894
307573762
1497992282
2140121235
2089733336
1492820392
2028730554
1321590622
1255926288
1226573387
807281187
2090839668
522356101
1113503068
504283073
843747908
1283785390
1185274387
1273341852
1722145107
232779768
1114227023
183927304
1814777661
1538457631
1577255229
1097263873
87167701
1312230923
2082717352
1996165042
482954652
567026993
1357417123
631660482
1168581257
1511019202
59414769
1709076433
201098024
949334232
437292754
419851238
525536647
554247012
129996035
1438652076
1782948826
960606723
402624780
161004518
1491474240
2120519465
612555540
1123345891
1627221335
1374450892
1251581092
1630007979
1957732472
1083169632
712864390
1367186962
1888639090
109633932
1820043932
707502881
238052048
386365933
678694948
1157259846
1248293789
56407119
410528649
965451747
1758069931
677914797
1625545020
880447032
1919096999
1744685789
1673670614
450208333
897242744
1039978504
1500177489
1809778225
181669073
624618229
184407940
608985292
1345537162
1043733739
2131906849
1450716971
87731101
1572775111
1393739350
1335951360
441153879
1266890755
1010323410
729737793
887464626
492492263
1688845630
1660764346
1410420013
94095954
949638254
221838949
704766479
2023252830
1279788356
224182438
1936724836
1058332143
1301764827
1455697874
568681268
1375522202
472452846
2132099905
2111175500
2124786288
1736913171
808671585
1982580853
621881387
1562220416
1243126224
352127946
132045739
30977732
1802088085
1412746587
1700296229
984370201
144085145
832888286
1454334774
144612803
2127740937
1486558700
817652587
1883153231
748758566
1701913829
1648185120
947854595
1081354361
3644423
1710898457
66476343
1379858721
786513676
951582421
1415102672
565804388
1505397204
2145698400
1797924383
688586244
876650582
1493879213
118973222
1034156875
1627798416
24376866
309476751
570329098
2084983040
2047743166
2068276480
841084036
1561383177
702547008
819342036
45397042
1579899946
2026352561
2023001052
1886094493
1296059235
1526873129
1756644378
1551159461
191532074
122248210
1412955727
887325640
101611093
1587684929
754202102
353368672
597094985
1976315143
987928566
1197201645
1807458310
354759505
1703532250
607021247
1613349686
1385521487
397314275
1187530917
297145429
6657898
1905979662
1834572165
248647138
1540901887
390177100
183900877
1673540695
774896329
540028282
1037407437
448492749
1574293364
68244883
1843226646
1393051899
435389917
297306143
1847421843
2001730980
487735068
766523777
419344158
1912753443
1733618338
675399943
516748865
155563789
396828563
217755153
1399126907
1030039673
671675668
279119345
1023416007
875028953
1088950330
1326094767
948982158
122371796
1627468570
440933541
31762683
1313958568
1670709953
285432997
893326381
1058087597
809348396
1294153684
392342733
984741559
1038645054
1012912071
791715016
2032897063
521064005
1612061156
621060769
1405156471
1075551949
1252473677
957487964
461756342
300881302
1996317924
1977067355
1704054957
386915091
666219907
1453244304
1892699919
704608463
1661092661
1347537647
1317289184
865407245
1702340433
1678949605
1191885282
1652279218
423435577
835965900
2109518233
471306515
2100476918
901787601
17622905
54924017
2115213421
1736339595
1432695582
368621704
2105005503
960112605
1807925454
1681371381
982356443
52590478
698968668
1538503456
1430603165
2102518395
1412039267
1567403082
477823367
1803722898
703730783
413038644
701830793
777426303
381842352
933766467
81876803
1944878467
2092591070
766963905
1330844726
2046595920
1072499104
1915130857
1980363750
127864444
1677122123
256221467
1958013006
841011052
1413056981
1001587126
1840700826
787480254
1198339175
1884958489
1006525963
1056728895
130347284
1894538065
1468264792
1818183140
654771865
1609474587
2006767394
25052414
1006541665
1844545022
1737268971
1965616544
1682483964
1324666798
1870636683
577021995
208171750
314406272
873325863
578291704
1590482289
1241725482
220074236
913653367
349143817
1520811795
206074863
1894918944
1348145761
1124644110
1874465557
1016139346
1613944627
1224233582
282278720
2004007079
1993619430
1477537742
1845543732
2134041878
748372564
24861481
323959029
199057016
706085438
468983200
2008674439
1483790202
1098360489
1195056115
1461233461
1796211552
1899549751
824824949
338425129
1964444633
86254840
1107992132
1791707296
572859522
647663017
1243569826
674818301
1900758260
739871977
977930521
1307279359
1147723308
888767144
71133802
392449970
467767985
1168399217
1965192094
948442265
604289596
757826607
1939735224
542031941
1878663772
161109897
2050322124
1000827680
1035587923
1620784394
1279802271
1938479769
2036576384
1722117774
350366510
1389528975
559487214
1048394735
1488972347
836795745
1807744320
1695733402
1084078916
728532058
872528934
1277867100
221735949
426659782
1885751517
21691959
1695610271
444779110
1413258028
506386701
130112169
242842503
1059947146
1423039669
666204066
1502848697
851099071
558687706
1204716626
1535380858
1921088119
62852807
1889294444
1143542247
1040460206
211846594
1115537468
2052843530
1280635762
1749953492
1517670587
127682970
1311586559
927485187
436413212
2064739264
1229899727
1959625315
1253529581
1297775583
437087260
538723236
1900698995
113762350
493756129
701444261
1599740708
2139397880
1651266143
150168347
1177461149
1893352228
113372256
1517799265
801954879
1972505010
1764179166
351456078
1879970921
1763429757
2022732229
153308345
1011569343
906288777
1417189862
281678946
368325105
1030687812
984244323
32121738
1677594205
29672803
1425248394
676704486
743112914
1389198243
1265531671
703668026
182104609
29458050
1624670459
1302391795
1600883596
141190592
222442182
556876950
1311544948
2012712663
1645954269
1639694656
2044916850
2043414096
943571014
948535715
8296058
826840325
1566861141
224036117
124550112
1212472872
1105935558
968131292
1714737410
358968067
1459105186
1945186588
1495271253
2080408827
923445221
2051615850
1230581682
2136056994
1753615432
1812136084
931388154
1392637577
1157535902
541179469
1517187361
1256835143
1998257493
1283886194
1717007607
941373831
844467241
698332591
96731720
457614058
2077511454
408643618
1379189580
569767648
1642237625
1791562020
2014515364
2100419382
1878431103
392329757
336092446
1767535187
1542300215
1367585682
645706642
157174610
1941428589
1087208224
2111421220
122885590
785122234
1613965804
1298340950
362118520
126026092
326859343
933667106
1863541013
945715366
576701688
1264328447
1852260476
109170229
1318525958
1848353353
535049940
566309175
715858156
1845007067
92803143
2031633822
906718792
430443413
1358883489
1302484777
1897291142
1323220557
1808130506
40940990
445497168
2141547213
1571607866
834110494
1327486533
1457425006
1123889373
918274021
2824391
2014526537
61715910
474096786
429874642
1035594615
1986093461
46729342
1934240790
1165479869
1748833431
790456327
984392506
2068452610
1908148995
482891659
1188785206
1581120481
389870319
1094063510
478540705
344076710
324628770
1196634580
2099200127
1497948182
969474753
381729920
1063845164
574385237
1885982709
307306696
1324360210
709016146
1558503547
157104303
1586221864
537804493
698585371
944987769
1402538833
994440308
530605654
1753693721
138061135
1744737056
2055596238
411468635
855039709
5941335
1113568583
1429885476
1747179278
286297697
1106279315
1394971925
1520147849
1117620811
184527448
826829018
466507199
1763191148
1382291332
1339327003
1540235369
139974868
903189302
172216969
513176319
836224876
1776174943
366679818
1789017193
1219614663
1286644733
2134296
1823604804
956617706
1958885241
2064950862
862339109
1685928735
1114529430
1332761453
529008764
287450976
301155025
839256736
2084350983
930785639
104508361
1489613365
1694307076
1709392965
694380708
1528256865
513630628
1309344022
146006825
1506324882
1080634325
211605421
134762473
1835111815
1887589896
1247199051
714005379
1542609519
618821751
708413355
1871013123
2051479937
2071917049
1188351438
680437152
1685025024
991610890
660593483
2077576751
955598358
224293924
1617489348
1747122540
19517771
674796796
754209389
1831271209
348558012
1431436448
1682061771
1084889122
642037846
579369226
1198721398
912499901
1731564589
951032011
1456232151
1791355914
411385110
920999922
686669404
226416995
1818642564
720220666
140884042
133021344
1227164808
1525867943
1810268049
1940779466
1663993089
104180487
959131902
1466029302
1079249129
741377180
120694750
193502525
1004071230
1086554793
1386751667
1235370482
1790111549
129011952
716535088
446609929
798064241
1697391351
1267119306
389089129
1200220712
1473368951
1828703409
509216782
1471326693
418329905
1612874690
129152997
522206286
581087170
1091225960
1533891019
713548800
2001254215
1633517981
862921005
1572904283
336813943
2095250473
365380596
1170053819
1896060715
192043568
1465954761
1230484420
1932605265
674927890
159140236
1557349802
1705053910
193216859
1847717213
1390793967
138897461
236438986
1730061735
2137112822
217233105
110816293
106421515
1783654437
1906469235
1790517318
1835465616
978084359
1371707017
1203180746
302908868
1853049279
1980105877
774830111
1019609104
1716791605
1533634946
1927151439
1873992423
1047846255
1786528069
1813578367
2122293604
215747257
905664803
1170547210
868375285
2119447486
2136255773
1661727728
222574432
438824499
929808353
1491084812
1342748813
1019495096
1795695631
456094748
16451477
1998228992
1741960959
1184365587
534445874
1176314677
442069368
1371118050
1854089820
853228262
421790953
1781129281
1643746542
911994180
333031932
295048063
1765088839
1710150258
1102855853
643335832
1385655096
1045275214
1472987433
517625267
1247428097
1692162091
1812235718
209082645
1714249956
343737891
1697431329
1003553644
1892604041
255000669
1450831556
328459540
1803036439
68476951
380673695
938123662
105126951
679911138
1230843979
1053866578
1322279134
1322940354
1970096765
2053529446
1382668947
431869764
1871457905
1619409720
28439701
1653268418
1893641559
694101204
2083750201
1401362571
125976400
1679007966
891743251
364646887
106288895
1979601072
175797869
1277282304
502788357
1598296127
1589366004
1024064421
780263680
884703208
1301272050
107422908
1102157898
761674938
1753963032
764723412
1278976885
30744915
991234713
587505239
488613344
261789251
2041204081
1588986531
1076890444
1692924523
300817236
969734029
23795932
855578423
1648634893
230043267
924767365
14189476
461063195
1986417357
1101701528
1660157880
1541338302
112926570
2090002916
133285266
1263640885
715226803
893740086
1152228003
1318055938
1724844362
1425010561
1090098430
1363753250
1428418368
1265438380
954697461
951136905
1672728674
1788586534
546642787
1867995769
2022911770
1002563487
1947362550
2006074527
685550495
895783698
1142442157
1340124708
1939027557
2067132990
575028292
130902668
1504326162
1785869064
1705079630
505171523
324177913
1481011988
884658508
1253119681
1588990450
96653495
1022821487
169006020
783568486
755977500
706570136
606738110
679258139
477999155
509755871
105897512
1073862813
1350202241
1837648763
2145365172
1986342281
837356520
537762962
612868283
1138286283
1215022061
1908547950
1354719885
629056318
1610742686
1486906177
1660386386
1154559277
1674007255
1766579317
747048071
1816933869
506891043
290715992
1792991535
1207366095
1459939370
1862030646
267546736
1518216606
1009583009
8609831
1657671593
51835777
1756921329
1935178388
224261800
1810679819
918411855
1750879373
1821243801
17038459
1534294945
1303000146
1204173378
307085340
1105178518
1711312720
1245305836
784318826
1936666468
1110202592
1771787721
1025799244
1209504381
677180208
1097218567
1733903852
735076562
1852799079
612610703
95649718
918761578
940936205
612273945
1813911597
497350840
111701252
1146060353
162248255
2001070367
850277203
1562065525
1106074589
1028024009
238761659
1853979052
1457657997
692375280
2058855995
1699347995
626557218
865300831
1455217060
262640925
577792481
1554424020
350219145
2105932762
824044792
275208842
1454202173
826988918
1129753725
1704967444
1088727539
2069003593
458691067
1125589306
316609986
458490666
432029565
1202696177
663615064
663691399
1048393295
1390217345
1756624839
353008664
40576833
1313503345
1423634275
466154004
1569786611
818776164
1812155348
611179075
1754824358
2073949345
1791226699
23663740
1011746605
986072701
338325719
661875262
1604457374
748200110
909585168
585704753
1580361108
1718342279
1060134361
676908652
197409669
1690061332
1891899221
1449467597
61968947
1321256396
2076910204
130230889
542814106
1986475540
1365752527
886834344
1560604534
70023180
1502482179
111948775
1707915439
2114312472
96388605
1558545587
153996138
586022651
76221497
1772129809
1011316685
485298933
1137616999
1724623627
1632092242
1273836573
750294013
2004989075
1101898522
777975588
339014581
495958918
81006996
549513626
167733212
1829894601
1310937738
999588036
2124276411
1200876436
112391467
379610818
1538092410
1359026683
335500026
346756724
892661626
429870335
822210953
381012691
1678669262
1974411671
500193700
480575104
1270686992
1780179697
999409125
692429619
1322382641
871688625
806987690
909751869
1629477915
925473431
807469639
52258721
1234283424
1770055420
457135481
1101966027
310154746
1776011440
886871537
1137959913
30868611
1097611613
331037068
90767043
557453438
779574409
1567115683
757348886
1638850051
258715478
2041698412
87985618
860769588
1507479168
1175647849
79877780
148494498
2124644005
2014512162
1993133763
895305181
139696939
1274236288
1712760943
198300556
958131370
1839494067
99423426
1879626166
1741817263
1329527897
1701211926
417913830
1711194978
1132514056
1978755111
258652881
741429756
159978068
208824148
2051700200
284955740
136533893
559968662
1906909302
1189685250
1992964882
1789457878
226645661
1697487783
1254451738
2106715692
239592604
212011963
880569252
1784209657
1287827348
1216059842
525706439
2091165786
1095562901
1145957297
1510481125
1277752850
563320982
2136214233
2139961214
680489817
2076210721
603645321
1134837920
1338587176
220049037
1469556633
1189460323
914814127
1377882351
33858087
795563982
910102815
839058344
553601661
443121612
1634228292
1963527940
1438967377
1196335935
990820658
602734367
573438147
618527266
130702604
862735165
908091336
1812635137
1310595035
1727149385
679063569
165028352
975793887
1823776224
108814744
1824734528
2114597401
1536509380
583930417
1332133255
1541630749
1413148307
1494214050
1309398714
853599070
903359377
1645587185
1324331470
942339805
127308911
458524263
2005089290
444714709
384166548
951194067
142608847
1617323056
1578345475
821243684
1319280842
269594951
1881276930
1360100298
35157632
1235117628
1391392718
736892600
296689165
251201823
399541725
129178226
2069911152
95015383
1637254439
1810222020
1541025335
100561534
531153602
1370592812
845614642
98917665
139386898
44910559
319297761
548384886
2093226573
592039776
609421766
889836613
1531213592
1003616740
87894269
1863457611
1662128581
292190642
992164508
1654898454
996609518
260690408
1701981075
793179149
1569705549
1167761028
1259028091
1449834166
1537718075
946729753
416889033
1177317494
875488316
1371966129
2144849446
1133185509
597882730
1029092910
1499603395
1564219377
1126588511
389786738
1742438157
290390440
1373635977
1462985779
470987541
168471219
2119884794
1638963891
771311408
479908270
2063659433
223710506
1357514839
63773780
2065765179
1810799957
1065035645
293713215
594835646
885483866
712519991
541341678
115039921
40393387
936542405
1223122841
1976200498
545431916
1378262382
1930396774
1249881972
50834219
2109819605
1253565160
1247365959
1960686086
935078835
531498927
1553017544
1424405917
748586412
502690274
525048113
183514576
33031083
146076439
978028683
1691881870
719316381
680628211
1118035303
593910811
1440756877
798505001
664495820
303957321
1025142239
2103921216
973630422
1154884231
1919846665
9755270
1968295388
976339591
1906041352
1641284381
357649031
13521111
1281380900
395476389
1615545335
1783820599
930111592
256282552
389816569
939953142
1018978879
536822576
1100312571
640795173
567798930
1044539949
132872733
1785365307
143765307
551244594
1163659849
707605850
1102811617
1158999647
1308619653
317569369
450881808
514189143
1788021636
1657707756
1578798524
1200050131
1987845607
281451517
1545280026
483672615
1251875884
1057821851
377836615
949968582
269203363
851793782
447936523
958526920
2050615318
386606514
861986308
823629620
759391032
1569501598
956241061
1004610848
1311807605
1035222231
144352591
1274985688
1636197633
986127008
295777978
1989699883
1895674243
1815354942
1327683892
44363945
1380583117
1237694136
1781603112
2102152957
2103608612
1503461716
1143979334
411209875
1811337615
629741783
940148793
1248037034
403243500
1755665479
2033431583
1541358776
765520621
1403660170
750908890
1266917078
389423381
1939168902
1220363290
107631258
507221791
587141249
501088490
284192040
330844059
1692575989
120669963
1862976487
1290589503
339400277
357424200
164398833
317771800
860040713
1524543902
776964753
926514335
538724875
841624391
2086155260
1185902858
475562426
174028848
126172673
183706131
1600784908
723463241
219926078
1901264894
246403855
1149858913
975596102
206709142
1856049033
254465685
1135876591
1949898030
1650873032
1953514389
1534515201
2136545471
2126913675
1186727703
1603697993
657678163
2097633673
239687753
651400091
1672703569
1194718966
2070261821
1388276612
533143252
895262911
1281745018
1260285494
212032285
1672205440
1057377687
1717658820
36825764
223954146
1819529130
1855490671
1066148413
2111758064
2133652368
258439828
1790044503
1920160958
1374277578
47869829
2037678237
727879704
466548278
607235816
2061393979
465371108
87079073
1371746279
1680675136
469949436
1906372459
684486972
313808674
1803572973
1916744768
229313505
675469642
1966714030
831594589
2145292579
1754612642
787227702
1186916751
137789568
31976924
1810700428
928706454
1078841460
1714754870
824561110
377915215
2146241428
1027828706
1368043020
316753972
14922662
2104219882
579160169
961977129
280701778
689146070
404587574
1416092864
110977711
2054054098
1613467404
618611702
255747987
503989444
274428604
146386180
1454040084
1374374383
224423032
388890095
865555760
886841615
2133600797
1413270437
614232150
723904034
1086806973
513075231
2020489110
187251021
1168775906
1497382623
260488894
1004074133
12405324
98432
233907400
341182056
473124890
720406951
15815645
50330671
1191021674
1757918844
1682755269
1729809812
273794300
251793381
1058578094
475625372
1478618257
600995508
1598235481
1234988126
1439015925
11142986
1524457727
915368450
2121748287
1321183592
1025638511
1011241676
2007880830
318068270
2039416245
938851717
1432514290
743431633
1319338757
907239085
1050318004
1785804157
1384784525
1608422551
918168602
1017703962
1869427479
244371126
2079105476
848603186
1679726281
1885679694
338120962
927595938
929227977
1011292277
521149951
1693427761
623496434
1664618159
1633258292
1935607764
822738551
470325565
764729735
1431993250
1467362771
804062321
1610229572
1304038875
1056599525
1671857993
2056251724
450335002
16541173
238031404
1636190421
313106192
799034249
533734557
1236711170
1352050779
1529007839
1609847766
2051507833
703225142
1312251760
409659840
1529721895
1741609768
777431535
1737604127
1248396861
440931583
2124101290
333723906
1599421660
582603046
432104041
1715580935
1770335141
1184608181
465963142
396327587
483260555
294988834
1372264606
1619771632
861806245
1635809497
162693949
1968546996
361941428
1022070419
1492352257
693974047
405211158
257905968
31603406
128165804
415826034
257437412
1089516416
1017501503
2027477352
669247657
698258063
1103432530
134483808
1958562626
21680678
1787484403
500345480
2140531387
215289697
830528934
1093537702
345384810
629644810
1061526397
671700454
1429337111
1127385850
793055916
382608581
1516807859
670696773
661975704
53804301
1492532128
474738362
65413258
1348371775
1136623506
369428118
683654701
268119947
1746502029
46326904
2056167937
1748464672
565039202
155336085
318663686
1400605405
1389507830
1456036837
121650727
1002366270
1435912757
251125518
588894693
971599126
2018888464
788200278
597361422
311913123
98375996
1542976188
1744895518
1192052544
1560824933
1231238434
681063451
1477572727
319240993
2021744610
92798034
531606085
1133470894
644173997
2087656139
1809526180
2047915755
1152569503
1633265494
1186270315
1611831703
14361884
1483923540
1768302673
1815281151
1238812315
619458236
1558336488
1564261676
2073950467
480524220
1588702050
830030362
1242034485
1152435258
1597876312
1199811614
51244959
1158297577
2028672268
685592363
994835049
1470037186
1451603934
1978777296
677520544
446437159
1422405077
1051769800
1736468962
482053539
511525080
1812509241
1343956438
865951452
1860727513
1668874440
599942656
806353867
1962638232
44957849
1287352445
1563833231
1610970764
619041756
1664551006
2021662166
2027335734
1415366573
492224791
1662750533
1051629681
1655023863
1607054431
21188250
2134206826
1159168610
679555564
2147436184
1089847233
1916632196
2049879455
1639106243
97044469
255322561
1834711152
1570633606
1173839100
2054061625
604806571
605844366
398812087
1577507096
1101932630
1431768365
633650234
997824947
1592892643
293917519
1873178859
590740223
136756346
273104198
1189145024
461434957
140709684
1421840778
1795499981
2020791673
92802510
751113605
2002535304
882580118
2054948503
870432753
1794246832
1836267574
366537285
1036713125
1309646650
435235458
1620204374
1161877770
667186181
657319778
1788770544
100459575
262078192
1372255926
660968695
2009813979
1444490237
995729708
552313269
598345902
27635209
411652709
1763349767
2020760364
360221517
457241085
404572034
1005694749
1109768103
702460761
1863258279
290380948
2129424342
1487126557
99495663
763387588
337112445
292157727
1553803233
183069897
482017975
899190970
750978774
657723409
1441277550
243804861
86917537
877781582
1561910601
2110724068
2023522503
970820603
821522493
788155791
411950996
1604810335
104430363
1617830136
911987947
1282231949
1575563954
1505303771
1271519656
1407314538
2143789427
1275130720
1072577651
466999067
1205399800
1239913686
1996832368
708258383
1025148510
632447552
117496551
1514576157
1592855918
1704325933
2071805
1624993575
585579332
1032392507
162280037
396780727
389377267
1533101835
507807272
1947164124
947590926
318923715
1633635683
784590190
1020017349
1436057463
692492988
1126376262
1449997413
1328320863
834417806
371894208
102310283
1226989425
755992252
1422598462
1942729059
1989826796
1588975893
1702951058
1053625552
14907901
1372415996
568956917
804861822
1318016905
59340342
112420377
1339887370
60415550
1064200085
636382008
808742643
1131969451
772917718
133681999
366984136
2034245860
1439037622
1221368625
1196840449
1970624550
636314007
330233095
1426916355
946782868
195713774
1339748941
1477877880
235067532
321487070
1738075977
96221193
541916366
1282017008
2116508972
1986875088
1501857780
1415039871
1644273522
1615119343
957578041
508342865
1667887848
248624169
94012856
1377491974
726155260
1076657062
1847678880
227246570
15223463
1492429076
330410352
2023875264
1865630713
465155985
411124608
2137177007
1291543879
1654572256
1612376169
1967294254
1209358576
688638608
2017837343
1172299333
1013441829
1736359975
2067508127
1314625416
1587075252
2060746894
969794768
1028622548
464667940
1219162632
1278751168
658888977
2031660887
1334957490
290758800
282876054
462690114
1046954742
887883429
32234965
855392178
1641982140
838123775
65650353
2110775836
1305168701
1475075943
1085512213
1236480593
416773415
1150928989
693224937
1593891421
236994385
421275354
7338074
390918745
799086742
191663832
1545359133
285102859
1493885965
1059392355
1408811746
1487568139
1452785678
144511605
1210778825
792801649
1805945818
140949413
748300704
2105201232
1884761238
322832377
1842448786
1595736507
244593425
165756594
782997584
1898656939
259760069
1860417445
1834601177
1963074250
1845028641
1655000161
436129968
854697294
1321488283
1142891250
673812553
73418405
1631770152
1310604881
995114766
1210886873
193562407
1843007551
928685387
1260445181
1675596184
1599942059
523587824
1020784719
635277191
447788649
668979896
2124802766
171456861
857889745
1836945846
1582519871
1064216181
638122815
462430494
1383636285
1636651753
1062806420
407876786
1809400161
1344688701
1216910018
865718922
224037279
347818478
2061212234
269252363
53864003
1821267926
1814276709
237399630
2000246255
629853888
1744484477
831543721
325847419
768590847
1356546662
1839768148
1084483345
334897124
1798461969
656005572
171801669
1956523952
989469301
1721309178
2034651437
1495444071
2137061825
883716576
1402649412
1004772621
6422980
1893859496
206272818
1651108688
225907916
1745518932
1622700357
1183364716
845608132
834354354
796230020
2136615385
263286666
1691398534
348128012
477854330
1317961453
1889860329
654016331
1283196950
75639735
544602916
2135820394
750748804
1231607731
238583887
1407209622
1247215894
1185078311
2008413491
1283544198
797887345
154076786
211833931
1347765162
1724110306
1190968058
1153428496
441015802
1695911602
2122017800
966916023
1210649604
1952681578
1401488739
433849059
960890024
600481299
928162724
1357472756
1482604032
1208093905
482773723
837715143
853042927
350984002
744571752
540529693
1564448085
1098088186
918768653
618219802
281636083
878191259
961632838
911484066
603793147
2085196534
593712242
1867205539
238883641
1062345745
238876838
914827812
1259856757
497341111
1735663175
1423044911
2120440182
1784809269
61120833
1198229166
148181893
900583121
1345688771
1574269013
593475946
170523813
1619665966
476305145
786541573
